
insert into mine_base(id, name) values(1, '神东基地');
insert into mine_base(id, name) values(2, '陕北基地');
insert into mine_base(id, name) values(3, '黄陇基地');
insert into mine_base(id, name) values(4, '晋北基地');
insert into mine_base(id, name) values(5, '晋中基地');
insert into mine_base(id, name) values(6, '晋东基地');
insert into mine_base(id, name) values(7, '蒙东(东北)基地');
insert into mine_base(id, name) values(8, '两淮基地');
insert into mine_base(id, name) values(9, '鲁西基地');
insert into mine_base(id, name) values(10, '河南基地');
insert into mine_base(id, name) values(11, '冀中基地');
insert into mine_base(id, name) values(12, '云贵基地');
insert into mine_base(id, name) values(13, '宁东基地');
insert into mine_base(id, name) values(14, '新疆基地');

insert into mine_region(id, name, mine_base_id) values(1, '神东', 1);
insert into mine_region(id, name, mine_base_id) values(2, '万利', 1);
insert into mine_region(id, name, mine_base_id) values(3, '准格尔', 1);
insert into mine_region(id, name, mine_base_id) values(4, '包头', 1);
insert into mine_region(id, name, mine_base_id) values(5, '乌海', 1);
insert into mine_region(id, name, mine_base_id) values(6, '府谷', 1);
insert into mine_region(id, name, mine_base_id) values(7, '榆神', 2);
insert into mine_region(id, name, mine_base_id) values(8, '榆横', 2);
insert into mine_region(id, name, mine_base_id) values(9, '彬长(含永陇)', 3);
insert into mine_region(id, name, mine_base_id) values(10, '黄陵', 3);
insert into mine_region(id, name, mine_base_id) values(11, '旬耀', 3);
insert into mine_region(id, name, mine_base_id) values(12, '铜川', 3);
insert into mine_region(id, name, mine_base_id) values(13, '蒲白', 3);
insert into mine_region(id, name, mine_base_id) values(14, '澄合', 3);
insert into mine_region(id, name, mine_base_id) values(15, '韩城', 3);
insert into mine_region(id, name, mine_base_id) values(16, '华亭', 3);
insert into mine_region(id, name, mine_base_id) values(17, '大同', 4);
insert into mine_region(id, name, mine_base_id) values(18, '平朔', 4);
insert into mine_region(id, name, mine_base_id) values(19, '朔南', 4);
insert into mine_region(id, name, mine_base_id) values(20, '轩岗', 4);
insert into mine_region(id, name, mine_base_id) values(21, '河保偏', 4);
insert into mine_region(id, name, mine_base_id) values(22, '岚县', 4);
insert into mine_region(id, name, mine_base_id) values(23, '西山', 5);
insert into mine_region(id, name, mine_base_id) values(24, '东山', 5);
insert into mine_region(id, name, mine_base_id) values(25, '汾西', 5);
insert into mine_region(id, name, mine_base_id) values(26, '霍州', 5);
insert into mine_region(id, name, mine_base_id) values(27, '离柳', 5);
insert into mine_region(id, name, mine_base_id) values(28, '乡宁', 5);
insert into mine_region(id, name, mine_base_id) values(29, '霍东', 5);
insert into mine_region(id, name, mine_base_id) values(30, '石隰', 5);
insert into mine_region(id, name, mine_base_id) values(31, '晋城', 6);
insert into mine_region(id, name, mine_base_id) values(32, '潞安', 6);
insert into mine_region(id, name, mine_base_id) values(33, '阳泉', 6);
insert into mine_region(id, name, mine_base_id) values(34, '武夏', 6);
insert into mine_region(id, name, mine_base_id) values(35, '扎赉诺尔', 7);
insert into mine_region(id, name, mine_base_id) values(36, '宝日希勒', 7);
insert into mine_region(id, name, mine_base_id) values(37, '伊敏', 7);
insert into mine_region(id, name, mine_base_id) values(38, '大雁', 7);
insert into mine_region(id, name, mine_base_id) values(39, '霍林河', 7);
insert into mine_region(id, name, mine_base_id) values(40, '平庄', 7);
insert into mine_region(id, name, mine_base_id) values(41, '白音华', 7);
insert into mine_region(id, name, mine_base_id) values(42, '胜利', 7);
insert into mine_region(id, name, mine_base_id) values(43, '阜新', 7);
insert into mine_region(id, name, mine_base_id) values(44, '铁法', 7);
insert into mine_region(id, name, mine_base_id) values(45, '沈阳', 7);
insert into mine_region(id, name, mine_base_id) values(46, '抚顺', 7);
insert into mine_region(id, name, mine_base_id) values(47, '鸡西', 7);
insert into mine_region(id, name, mine_base_id) values(48, '七台河', 7);
insert into mine_region(id, name, mine_base_id) values(49, '双鸭山', 7);
insert into mine_region(id, name, mine_base_id) values(50, '鹤岗', 7);
insert into mine_region(id, name, mine_base_id) values(51, '两淮', 8);
insert into mine_region(id, name, mine_base_id) values(52, '兖州', 9);
insert into mine_region(id, name, mine_base_id) values(53, '济宁', 9);
insert into mine_region(id, name, mine_base_id) values(54, '新汶', 9);
insert into mine_region(id, name, mine_base_id) values(55, '枣滕', 9);
insert into mine_region(id, name, mine_base_id) values(56, '龙口', 9);
insert into mine_region(id, name, mine_base_id) values(57, '淄博', 9);
insert into mine_region(id, name, mine_base_id) values(58, '肥城', 9);
insert into mine_region(id, name, mine_base_id) values(59, '巨野', 9);
insert into mine_region(id, name, mine_base_id) values(60, '黄河北', 9);
insert into mine_region(id, name, mine_base_id) values(61, '鹤壁', 10);
insert into mine_region(id, name, mine_base_id) values(62, '焦作', 10);
insert into mine_region(id, name, mine_base_id) values(63, '义马', 10);
insert into mine_region(id, name, mine_base_id) values(64, '郑州', 10);
insert into mine_region(id, name, mine_base_id) values(65, '平顶山', 10);
insert into mine_region(id, name, mine_base_id) values(66, '永夏', 10);
insert into mine_region(id, name, mine_base_id) values(67, '峰峰', 11);
insert into mine_region(id, name, mine_base_id) values(68, '邯郸', 11);
insert into mine_region(id, name, mine_base_id) values(69, '邢台', 11);
insert into mine_region(id, name, mine_base_id) values(70, '井陉', 11);
insert into mine_region(id, name, mine_base_id) values(71, '开滦', 11);
insert into mine_region(id, name, mine_base_id) values(72, '蔚县', 11);
insert into mine_region(id, name, mine_base_id) values(73, '宣化下花园', 11);
insert into mine_region(id, name, mine_base_id) values(74, '张家口北部', 11);
insert into mine_region(id, name, mine_base_id) values(75, '平原大型煤田', 11);
insert into mine_region(id, name, mine_base_id) values(76, '松藻', 12);
insert into mine_region(id, name, mine_base_id) values(77, '盘县', 12);
insert into mine_region(id, name, mine_base_id) values(78, '普兴', 12);
insert into mine_region(id, name, mine_base_id) values(79, '水城', 12);
insert into mine_region(id, name, mine_base_id) values(80, '六枝', 12);
insert into mine_region(id, name, mine_base_id) values(81, '织纳', 12);
insert into mine_region(id, name, mine_base_id) values(82, '黔北', 12);
insert into mine_region(id, name, mine_base_id) values(83, '老厂', 12);
insert into mine_region(id, name, mine_base_id) values(84, '小龙潭', 12);
insert into mine_region(id, name, mine_base_id) values(85, '昭通', 12);
insert into mine_region(id, name, mine_base_id) values(86, '镇雄', 12);
insert into mine_region(id, name, mine_base_id) values(87, '恩洪', 12);
insert into mine_region(id, name, mine_base_id) values(88, '筠连', 12);
insert into mine_region(id, name, mine_base_id) values(89, '古叙', 12);
insert into mine_region(id, name, mine_base_id) values(90, '石嘴山', 13);
insert into mine_region(id, name, mine_base_id) values(91, '石炭笋', 13);
insert into mine_region(id, name, mine_base_id) values(92, '灵武', 13);
insert into mine_region(id, name, mine_base_id) values(93, '鸳鸯湖', 13);
insert into mine_region(id, name, mine_base_id) values(94, '横城', 13);
insert into mine_region(id, name, mine_base_id) values(95, '韦州', 13);
insert into mine_region(id, name, mine_base_id) values(96, '马家滩', 13);
insert into mine_region(id, name, mine_base_id) values(97, '吐哈', 14);
insert into mine_region(id, name, mine_base_id) values(98, '准噶尔', 14);
insert into mine_region(id, name, mine_base_id) values(99, '伊犁', 14);
insert into mine_region(id, name, mine_base_id) values(100, '库拜', 14);

insert into tech_mode(id, name, mine_region_id, c1, c2, c3) values(1, '中高渗单一煤层条件井下规模化抽采技术模式', 31, 0, 0, 0);
insert into tech_mode(id, name, mine_region_id, c1, c2, c3) values(2, '中高渗煤层群条件井下规模化抽采技术模式', 31, 0, 1, 0);
insert into tech_mode(id, name, mine_region_id, c1, c2, c3) values(3, '低渗近距离煤层群上保护层开采条件井下规模化抽采技术模式', 76, 1, 1, 1);
insert into tech_mode(id, name, mine_region_id, c1, c2, c3) values(4, '低渗中远距离煤层群下保护层开采条件井下规模化抽采技术模式', 51, 1, 1, 0);
insert into tech_mode(id, name, mine_region_id, c1, c2, c3) values(5, '低渗单一煤层条件井下规模化抽采技术模式', 51, 1, 0, 0);

insert into technology(id, name, isKey, mine_region_id) values(1, '定向长钻孔条带预抽技术', 0, 31);
insert into technology(id, name, isKey, mine_region_id) values(2, '定向顺层羽状分支孔抽采技术', 0, 31);
insert into technology(id, name, isKey, mine_region_id) values(3, '近距离顶板梳状钻孔抽采技术', 0, 31);
insert into technology(id, name, isKey, mine_region_id) values(4, '远距离顶板梳状钻孔抽采技术', 0, 31);
insert into technology(id, name, isKey, mine_region_id) values(5, '近距离底板梳状钻孔抽采技术', 0, 31);
insert into technology(id, name, isKey, mine_region_id) values(6, '区域递进式模块化抽采', 0, 31);
insert into technology(id, name, isKey, mine_region_id) values(7, '采空区煤层气抽采技术', 0, 31);
insert into technology(id, name, isKey, mine_region_id) values(8, '中硬煤层顺煤层井下长钻孔钻进工艺', 1, 31);
insert into technology(id, name, isKey, mine_region_id) values(9, '软硬复合破碎煤层顺煤层抽采技术工艺', 1, 31);
insert into technology(id, name, isKey, mine_region_id) values(10, '专用瓦斯抽采巷穿层钻孔预抽煤层气技术', 0, 76);
insert into technology(id, name, isKey, mine_region_id) values(11, '本煤层顺层钻孔抽采煤层气技术', 0, 76);
insert into technology(id, name, isKey, mine_region_id) values(12, '专用瓦斯抽采巷穿层抽采卸压煤层气技术', 0, 76);
insert into technology(id, name, isKey, mine_region_id) values(13, '石门揭煤穿层钻孔压裂高效抽采技术', 0, 76);
insert into technology(id, name, isKey, mine_region_id) values(14, '采空区煤层气抽采技术', 0, 76);
insert into technology(id, name, isKey, mine_region_id) values(15, '高压水力压裂增透抽采技术', 1, 76);
insert into technology(id, name, isKey, mine_region_id) values(16, '松软突出煤层顺层孔连续套管护孔技术', 1, 76);
insert into technology(id, name, isKey, mine_region_id) values(17, '底板岩巷穿层条带预抽', 0, 51);
insert into technology(id, name, isKey, mine_region_id) values(18, '本煤层顺层钻孔抽采', 0, 51);
insert into technology(id, name, isKey, mine_region_id) values(19, '底板岩巷大面积抽采卸压瓦斯', 0, 51);
insert into technology(id, name, isKey, mine_region_id) values(20, '顶板高抽巷抽采卸压瓦斯技术', 0, 51);
insert into technology(id, name, isKey, mine_region_id) values(21, '顶板走向高位钻孔抽采煤层气技术', 0, 51);
insert into technology(id, name, isKey, mine_region_id) values(22, '石门揭煤钻扩增透高效抽采技术', 0, 51);
insert into technology(id, name, isKey, mine_region_id) values(23, '“一面三巷、一巷多用、联合治理、连续开采”的煤层气立体抽采模式', 0, 51);
insert into technology(id, name, isKey, mine_region_id) values(24, '采空区煤层气抽采技术', 0, 51);
insert into technology(id, name, isKey, mine_region_id) values(25, '沿空留巷快速充填及防断孔技术', 1, 51);
insert into technology(id, name, isKey, mine_region_id) values(26, '松软煤层钻进技术', 1, 51);
insert into technology(id, name, isKey, mine_region_id) values(27, '高压水射流割缝增透抽采技术', 1, 51);
insert into technology(id, name, isKey, mine_region_id) values(28, '全程护孔下筛管护孔技术', 1, 51);
insert into technology(id, name, isKey, mine_region_id) values(29, '掏穴钻孔增透技术', 1, 51);

insert into topo_geo(id, name, feature) values(1, '简单', '高丘陵（相对高差100-200m），低丘陵（相对高差<1km），坡面坡度一般<15°');
insert into topo_geo(id, name, feature) values(2, '中等', '中山（海拔高度1km-3.5km），低山（海拔高度<1km），山地起伏高度一般200-500m，坡面坡度一般>15°-25°');
insert into topo_geo(id, name, feature) values(3, '复杂', '极高山（海拔高度>5km），高山（海拔高度3.5km-5km），山地起伏高度一般>500m，坡面坡度一般>25°');

insert into complexity(id, name, details) values(1, '简单构造', '煤地层沿走向、倾向的产状变化不大，断层稀少，没有或很少受岩浆岩的影响，不影响采区的合理划分和采煤工作面的连续推进。主要包括：①产状接近水平，很少有缓波状起伏；②缓倾斜的简单单斜、向斜或背斜；③为数不多和方向单一的宽缓褶皱。');
insert into complexity(id, name, details) values(2, '中等构造', '含煤地层沿走向、倾向的产状有一定变化，断层较发育，局部受岩浆岩的影响，对采区的合理划分和采煤工作面的连续推进有一定影响。主要包括：①产状平缓，沿走向和倾向均发育宽缓褶皱，或伴有一定数量的断层；②简单单斜、向斜或背斜，伴有较多断层，或局部有小规模的褶曲及倒转。');
insert into complexity(id, name, details) values(3, '复杂构造', '含煤地层沿走向、倾向的产状变化很大，断层发育，有时受岩浆岩的严重影响，影响采区的合理划分，只能划分出部分正规采区。主要包括：①受几组断层严重破坏的断块构造；②在单斜、向斜或背斜的基础上，次一级褶曲和断层均很发育；③紧密褶皱，伴有一定数量的断层。');
insert into complexity(id, name, details) values(4, '极复杂构造', '含煤地层的产状变化极大，断层极发育，有时受岩浆岩的严重破坏，很难划分出正规采区。主要包括：①紧密褶皱、断层密集；②形态复杂的褶皱，断层发育；③断层发育，受岩浆岩的严重破坏。');

insert into res_abundance(id, name, min_abundance, max_abundance) values(1, '高', 3, 3);
insert into res_abundance(id, name, min_abundance, max_abundance) values(2, '中', 0.5, 0.5);
insert into res_abundance(id, name, min_abundance, max_abundance) values(3, '低', -1, -1);

insert into rock(id, name, a, b, c) values(1, '坚硬岩石', 1.2, 2, 2);
insert into rock(id, name, a, b, c) values(2, '中硬岩石', 1.6, 3.6, 3.6);
insert into rock(id, name, a, b, c) values(3, '软弱岩石', 3.1, 5, 5);
insert into rock(id, name, a, b, c) values(4, '极软弱岩石', 5, 8, 8);
