-- phpMyAdmin SQL Dump
-- version 4.1.14
-- http://www.phpmyadmin.net
--
-- Host: 127.0.0.1
-- Generation Time: 2015-12-09 06:18:01
-- 服务器版本： 5.6.17
-- PHP Version: 5.5.12

SET SQL_MODE = "NO_AUTO_VALUE_ON_ZERO";
SET time_zone = "+00:00";


/*!40101 SET @OLD_CHARACTER_SET_CLIENT=@@CHARACTER_SET_CLIENT */;
/*!40101 SET @OLD_CHARACTER_SET_RESULTS=@@CHARACTER_SET_RESULTS */;
/*!40101 SET @OLD_COLLATION_CONNECTION=@@COLLATION_CONNECTION */;
/*!40101 SET NAMES utf8 */;

--
-- Database: `cbm`
--

-- --------------------------------------------------------

--
-- 表的结构 `account`
--

CREATE TABLE IF NOT EXISTS `account` (
  `id` int(11) NOT NULL AUTO_INCREMENT,
  `username` varchar(20) NOT NULL,
  `password` varchar(20) NOT NULL,
  `comment` varchar(255) DEFAULT NULL,
  PRIMARY KEY (`id`)
) ENGINE=InnoDB  DEFAULT CHARSET=utf8 AUTO_INCREMENT=30 ;

--
-- 转存表中的数据 `account`
--

INSERT INTO `account` (`id`, `username`, `password`, `comment`) VALUES
(1, 'admin', '123', '超级管理员账户'),
(2, 'dlj', '123', NULL),
(3, 'test', '123', NULL),
(26, '邓立军', '123', NULL),
(27, '黄德', '123', NULL),
(28, '舒龙勇', '123', NULL),
(29, 'xx', 'dk', NULL);

-- --------------------------------------------------------

--
-- 表的结构 `adj_layer`
--

CREATE TABLE IF NOT EXISTS `adj_layer` (
  `id` int(11) NOT NULL AUTO_INCREMENT,
  `work_surf_id` int(11) DEFAULT NULL,
  `coal_id` int(11) DEFAULT NULL,
  `name` varchar(255) DEFAULT NULL,
  `num` int(11) DEFAULT NULL,
  `h` decimal(8,2) DEFAULT NULL,
  `hp` decimal(8,2) DEFAULT NULL,
  `in_cz` int(11) DEFAULT NULL,
  `comment` varchar(255) DEFAULT NULL,
  PRIMARY KEY (`id`),
  KEY `fk_relationship_16` (`work_surf_id`),
  KEY `fk_relationship_32` (`coal_id`)
) ENGINE=InnoDB DEFAULT CHARSET=utf8 COMMENT='回采工作面就是开采层' AUTO_INCREMENT=1 ;

-- --------------------------------------------------------

--
-- 表的结构 `coal`
--

CREATE TABLE IF NOT EXISTS `coal` (
  `id` int(11) NOT NULL AUTO_INCREMENT,
  `mine_id` int(11) DEFAULT NULL,
  `name` varchar(20) DEFAULT NULL,
  `minable` int(11) DEFAULT '1',
  `thick` decimal(8,2) DEFAULT NULL,
  `hw` decimal(8,2) DEFAULT NULL,
  `qa` decimal(8,2) DEFAULT NULL,
  `qr` decimal(8,2) DEFAULT NULL,
  `fore_qr` decimal(8,2) DEFAULT NULL,
  `fore_qa` decimal(8,2) DEFAULT NULL,
  `rank` int(11) DEFAULT NULL,
  `quality` int(11) DEFAULT NULL,
  `pressure` decimal(10,2) DEFAULT NULL,
  `gas_content` decimal(8,2) DEFAULT NULL,
  `f_value` decimal(8,2) DEFAULT NULL,
  `res_abundance` int(11) DEFAULT NULL,
  `complexity` int(11) DEFAULT NULL,
  `mine_index` decimal(8,2) DEFAULT NULL,
  `var_coeff` decimal(8,2) DEFAULT NULL,
  `stability` int(11) DEFAULT NULL,
  `dip_angle` decimal(8,2) DEFAULT NULL,
  `czh` decimal(8,2) DEFAULT NULL,
  `czk` decimal(8,2) DEFAULT NULL,
  `czw` decimal(8,2) DEFAULT NULL,
  `hw_sum` decimal(8,2) DEFAULT NULL,
  `rock` int(11) DEFAULT NULL,
  `hhh` decimal(8,2) DEFAULT NULL,
  `layer_gap` decimal(8,2) DEFAULT NULL,
  `influence_factor` decimal(8,2) DEFAULT NULL,
  `res_a1` decimal(8,2) DEFAULT NULL,
  `gas_x1` decimal(8,2) DEFAULT NULL,
  `res_a2` decimal(8,2) DEFAULT NULL,
  `gas_x2` decimal(8,2) DEFAULT NULL,
  `pump_wc` decimal(8,2) DEFAULT NULL,
  `pump_k` decimal(8,2) DEFAULT NULL,
  `pump_k2` decimal(8,2) DEFAULT NULL,
  `pump_k3` decimal(8,2) DEFAULT NULL,
  `pump_k4` decimal(8,2) DEFAULT NULL,
  `pump_k1` decimal(8,2) DEFAULT NULL,
  `pore_datas` varchar(500) DEFAULT NULL,
  `rho` decimal(8,2) DEFAULT NULL,
  `vr` decimal(8,2) DEFAULT NULL,
  `gas_w0` decimal(8,2) DEFAULT NULL,
  `gas_wc2` decimal(8,2) DEFAULT NULL,
  `gas_wc3` decimal(8,2) DEFAULT NULL,
  `gas_eta` decimal(8,2) DEFAULT NULL,
  `q0` decimal(8,2) DEFAULT NULL,
  `eval_method` int(11) DEFAULT NULL,
  `q0_alpha` decimal(8,2) DEFAULT NULL,
  `qt_alpha` decimal(8,2) DEFAULT NULL,
  `t_alpha` decimal(8,2) DEFAULT NULL,
  `q_lambda` decimal(8,2) DEFAULT NULL,
  `r_lambda` decimal(8,2) DEFAULT NULL,
  `p0_lambda` decimal(10,2) DEFAULT NULL,
  `p1_lambda` decimal(10,2) DEFAULT NULL,
  `t_lambda` decimal(8,2) DEFAULT NULL,
  `a_lambda` decimal(8,2) DEFAULT NULL,
  `p1_k` decimal(10,2) DEFAULT NULL,
  `p2_k` decimal(10,2) DEFAULT NULL,
  `gas_q` decimal(8,2) DEFAULT NULL,
  `core_height` decimal(8,2) DEFAULT NULL,
  `core_area` decimal(8,2) DEFAULT NULL,
  `gas_viscosity` decimal(8,2) DEFAULT NULL,
  `decay_alpha` decimal(8,2) DEFAULT NULL,
  `permeability_lambda` decimal(8,2) DEFAULT NULL,
  `permeability_k` decimal(8,2) DEFAULT NULL,
  `eval_difficult` int(11) DEFAULT NULL,
  `comment` varchar(255) DEFAULT NULL,
  `relative_layer_gap` decimal(8,2) DEFAULT NULL,
  `is_protectable` int(11) DEFAULT NULL,
  PRIMARY KEY (`id`),
  KEY `fk_relationship_1` (`mine_id`)
) ENGINE=InnoDB  DEFAULT CHARSET=utf8 COMMENT='煤层基本信息参数表' AUTO_INCREMENT=23 ;

--
-- 转存表中的数据 `coal`
--

INSERT INTO `coal` (`id`, `mine_id`, `name`, `minable`, `thick`, `hw`, `qa`, `qr`, `fore_qr`, `fore_qa`, `rank`, `quality`, `pressure`, `gas_content`, `f_value`, `res_abundance`, `complexity`, `mine_index`, `var_coeff`, `stability`, `dip_angle`, `czh`, `czk`, `czw`, `hw_sum`, `rock`, `hhh`, `layer_gap`, `influence_factor`, `res_a1`, `gas_x1`, `res_a2`, `gas_x2`, `pump_wc`, `pump_k`, `pump_k2`, `pump_k3`, `pump_k4`, `pump_k1`, `pore_datas`, `rho`, `vr`, `gas_w0`, `gas_wc2`, `gas_wc3`, `gas_eta`, `q0`, `eval_method`, `q0_alpha`, `qt_alpha`, `t_alpha`, `q_lambda`, `r_lambda`, `p0_lambda`, `p1_lambda`, `t_lambda`, `a_lambda`, `p1_k`, `p2_k`, `gas_q`, `core_height`, `core_area`, `gas_viscosity`, `decay_alpha`, `permeability_lambda`, `permeability_k`, `eval_difficult`, `comment`, `relative_layer_gap`, `is_protectable`) VALUES
(1, 1, '示范矿区煤层-晋城', 1, '6.80', '0.00', '0.00', '0.00', '0.00', '0.00', 1, 0, '107.70', '45.00', '0.23', 2, 3, '100.00', '0.60', 0, '6.00', '13.00', '0.00', '0.00', '0.00', 0, '0.00', '0.00', '0.00', '0.00', '0.00', '0.00', '0.00', '0.00', '0.00', '0.00', '0.00', '0.00', '0.00', '', '0.00', '0.00', '0.00', '0.00', '0.00', '0.00', '0.00', 0, '0.00', '0.00', '0.00', '0.00', '0.00', '0.00', '0.00', '0.00', '0.00', '0.00', '0.00', '0.00', '0.00', '0.00', '0.00', '0.00', '0.00', '0.00', 0, '', NULL, NULL),
(2, 2, '示范矿区煤层-两淮', 1, '0.00', '0.00', '0.00', '0.00', '0.00', '0.00', 0, 0, '0.00', '0.00', '0.00', 0, 0, '0.00', '0.00', 0, '0.00', '0.00', '0.00', '0.00', '0.00', 0, '0.00', '0.00', '0.00', '0.00', '0.00', '0.00', '0.00', '0.00', '0.00', '0.00', '0.00', '0.00', '0.00', '', '0.00', '0.00', '0.00', '0.00', '0.00', '0.00', '0.00', 0, '0.00', '0.00', '0.00', '0.00', '0.00', '0.00', '0.00', '0.00', '0.00', '0.00', '0.00', '0.00', '0.00', '0.00', '0.00', '0.00', '0.00', '0.00', 0, '', '0.00', 0),
(3, 3, '示范矿区煤层-松藻', 1, NULL, NULL, NULL, NULL, NULL, NULL, NULL, NULL, NULL, NULL, NULL, NULL, NULL, NULL, NULL, NULL, NULL, NULL, NULL, NULL, NULL, NULL, NULL, NULL, NULL, NULL, NULL, NULL, NULL, NULL, NULL, NULL, NULL, NULL, NULL, NULL, NULL, NULL, NULL, NULL, NULL, NULL, NULL, NULL, NULL, NULL, NULL, NULL, NULL, NULL, NULL, NULL, NULL, NULL, NULL, NULL, NULL, NULL, NULL, NULL, NULL, NULL, NULL, NULL, NULL, NULL),
(6, 4, '1#', 1, '4.00', '6.00', '0.00', '0.00', '0.00', '0.00', 1, 0, '100.00', '0.00', '0.80', 1, 3, '10.00', '29.00', 3, '6.00', '20.00', '0.00', '0.00', '0.00', 0, '0.00', '30.00', '6.00', '555.00', '555.00', '0.00', '0.00', '0.00', '0.00', '0.00', '0.00', '0.00', '0.00', '', '0.00', '0.00', '12.00', '22.00', '11.00', '0.00', '0.00', 0, '0.00', '0.00', '0.00', '0.00', '0.00', '0.00', '0.00', '0.00', '0.00', '0.00', '0.00', '0.00', '0.00', '0.00', '0.00', '0.00', '10.00', '1.00', 1, '', '20.00', 0),
(12, 7, '3#', 1, NULL, NULL, NULL, NULL, NULL, NULL, NULL, NULL, NULL, NULL, NULL, NULL, NULL, NULL, NULL, NULL, NULL, NULL, NULL, NULL, NULL, NULL, NULL, NULL, NULL, NULL, NULL, NULL, NULL, NULL, NULL, NULL, NULL, NULL, NULL, NULL, NULL, NULL, NULL, NULL, NULL, NULL, NULL, NULL, NULL, NULL, NULL, NULL, NULL, NULL, NULL, NULL, NULL, NULL, NULL, NULL, NULL, NULL, NULL, NULL, NULL, NULL, NULL, NULL, NULL, NULL),
(13, 7, '9#', 1, NULL, NULL, NULL, NULL, NULL, NULL, NULL, NULL, NULL, NULL, NULL, NULL, NULL, NULL, NULL, NULL, NULL, NULL, NULL, NULL, NULL, NULL, NULL, NULL, NULL, NULL, NULL, NULL, NULL, NULL, NULL, NULL, NULL, NULL, NULL, NULL, NULL, NULL, NULL, NULL, NULL, NULL, NULL, NULL, NULL, NULL, NULL, NULL, NULL, NULL, NULL, NULL, NULL, NULL, NULL, NULL, NULL, NULL, NULL, NULL, NULL, NULL, NULL, NULL, NULL, NULL),
(14, 7, '7#', 1, NULL, NULL, NULL, NULL, NULL, NULL, NULL, NULL, NULL, NULL, NULL, NULL, NULL, NULL, NULL, NULL, NULL, NULL, NULL, NULL, NULL, NULL, NULL, NULL, NULL, NULL, NULL, NULL, NULL, NULL, NULL, NULL, NULL, NULL, NULL, NULL, NULL, NULL, NULL, NULL, NULL, NULL, NULL, NULL, NULL, NULL, NULL, NULL, NULL, NULL, NULL, NULL, NULL, NULL, NULL, NULL, NULL, NULL, NULL, NULL, NULL, NULL, NULL, NULL, NULL, NULL),
(15, 8, '1#', 1, NULL, NULL, NULL, NULL, NULL, NULL, NULL, NULL, NULL, NULL, NULL, NULL, NULL, NULL, NULL, NULL, NULL, NULL, NULL, NULL, NULL, NULL, NULL, NULL, NULL, NULL, NULL, NULL, NULL, NULL, NULL, NULL, NULL, NULL, NULL, NULL, NULL, NULL, NULL, NULL, NULL, NULL, NULL, NULL, NULL, NULL, NULL, NULL, NULL, NULL, NULL, NULL, NULL, NULL, NULL, NULL, NULL, NULL, NULL, NULL, NULL, NULL, NULL, NULL, NULL, NULL),
(16, 8, '7#', 1, NULL, NULL, NULL, NULL, NULL, NULL, NULL, NULL, NULL, NULL, NULL, NULL, NULL, NULL, NULL, NULL, NULL, NULL, NULL, NULL, NULL, NULL, NULL, NULL, NULL, NULL, NULL, NULL, NULL, NULL, NULL, NULL, NULL, NULL, NULL, NULL, NULL, NULL, NULL, NULL, NULL, NULL, NULL, NULL, NULL, NULL, NULL, NULL, NULL, NULL, NULL, NULL, NULL, NULL, NULL, NULL, NULL, NULL, NULL, NULL, NULL, NULL, NULL, NULL, NULL, NULL),
(17, 9, '13#', 1, NULL, NULL, NULL, NULL, NULL, NULL, NULL, NULL, NULL, NULL, NULL, NULL, NULL, NULL, NULL, NULL, NULL, NULL, NULL, NULL, NULL, NULL, NULL, NULL, NULL, NULL, NULL, NULL, NULL, NULL, NULL, NULL, NULL, NULL, NULL, NULL, NULL, NULL, NULL, NULL, NULL, NULL, NULL, NULL, NULL, NULL, NULL, NULL, NULL, NULL, NULL, NULL, NULL, NULL, NULL, NULL, NULL, NULL, NULL, NULL, NULL, NULL, NULL, NULL, NULL, NULL),
(18, 9, '25#', 1, NULL, NULL, NULL, NULL, NULL, NULL, NULL, NULL, NULL, NULL, NULL, NULL, NULL, NULL, NULL, NULL, NULL, NULL, NULL, NULL, NULL, NULL, NULL, NULL, NULL, NULL, NULL, NULL, NULL, NULL, NULL, NULL, NULL, NULL, NULL, NULL, NULL, NULL, NULL, NULL, NULL, NULL, NULL, NULL, NULL, NULL, NULL, NULL, NULL, NULL, NULL, NULL, NULL, NULL, NULL, NULL, NULL, NULL, NULL, NULL, NULL, NULL, NULL, NULL, NULL, NULL),
(19, 9, '36#', 1, NULL, NULL, NULL, NULL, NULL, NULL, NULL, NULL, NULL, NULL, NULL, NULL, NULL, NULL, NULL, NULL, NULL, NULL, NULL, NULL, NULL, NULL, NULL, NULL, NULL, NULL, NULL, NULL, NULL, NULL, NULL, NULL, NULL, NULL, NULL, NULL, NULL, NULL, NULL, NULL, NULL, NULL, NULL, NULL, NULL, NULL, NULL, NULL, NULL, NULL, NULL, NULL, NULL, NULL, NULL, NULL, NULL, NULL, NULL, NULL, NULL, NULL, NULL, NULL, NULL, NULL),
(21, 4, '2#', 1, '6.00', '0.00', '0.00', '0.00', '0.00', '0.00', 0, 0, '0.00', '0.00', '0.00', 0, 0, '0.00', '0.00', 0, '0.00', '20.00', '0.00', '0.00', '0.00', 0, '0.00', '30.00', '5.90', '0.00', '0.00', '0.00', '0.00', '0.00', '0.00', '0.00', '0.00', '0.00', '0.00', '', '0.00', '0.00', '0.00', '0.00', '0.00', '0.00', '0.00', 0, '0.00', '0.00', '0.00', '0.00', '0.00', '0.00', '0.00', '0.00', '0.00', '0.00', '0.00', '0.00', '0.00', '0.00', '0.00', '0.00', '0.00', '2.50', 0, '', '0.00', 0),
(22, 4, '3#', 1, '8.00', '0.00', '0.00', '0.00', '0.00', '0.00', 0, 0, '0.00', '0.00', '0.00', 0, 0, '0.00', '0.00', 0, '0.00', '18.00', '0.00', '0.00', '0.00', 0, '0.00', '30.00', '5.60', '0.00', '0.00', '0.00', '0.00', '0.00', '0.00', '0.00', '0.00', '0.00', '0.00', '', '0.00', '0.00', '0.00', '0.00', '0.00', '0.00', '0.00', 0, '0.00', '0.00', '0.00', '0.00', '0.00', '0.00', '0.00', '0.00', '0.00', '0.00', '0.00', '0.00', '0.00', '0.00', '0.00', '0.00', '0.00', '6.00', 0, '', '0.00', 0);

-- --------------------------------------------------------

--
-- 表的结构 `complexity`
--

CREATE TABLE IF NOT EXISTS `complexity` (
  `id` int(11) NOT NULL,
  `name` varchar(255) DEFAULT NULL,
  `details` varchar(255) DEFAULT NULL,
  `comment` varchar(255) DEFAULT NULL,
  PRIMARY KEY (`id`)
) ENGINE=InnoDB DEFAULT CHARSET=utf8;

--
-- 转存表中的数据 `complexity`
--

INSERT INTO `complexity` (`id`, `name`, `details`, `comment`) VALUES
(1, '简单构造', '煤地层沿走向、倾向的产状变化不大，断层稀少，没有或很少受岩浆岩的影响，不影响采区的合理划分和采煤工作面的连续推进。主要包括：①产状接近水平，很少有缓波状起伏；②缓倾斜的简单单斜、向斜或背斜；③为数不多和方向单一的宽缓褶皱。', NULL),
(2, '中等构造', '含煤地层沿走向、倾向的产状有一定变化，断层较发育，局部受岩浆岩的影响，对采区的合理划分和采煤工作面的连续推进有一定影响。主要包括：①产状平缓，沿走向和倾向均发育宽缓褶皱，或伴有一定数量的断层；②简单单斜、向斜或背斜，伴有较多断层，或局部有小规模的褶曲及倒转。', NULL),
(3, '复杂构造', '含煤地层沿走向、倾向的产状变化很大，断层发育，有时受岩浆岩的严重影响，影响采区的合理划分，只能划分出部分正规采区。主要包括：①受几组断层严重破坏的断块构造；②在单斜、向斜或背斜的基础上，次一级褶曲和断层均很发育；③紧密褶皱，伴有一定数量的断层。', NULL),
(4, '极复杂构造', '含煤地层的产状变化极大，断层极发育，有时受岩浆岩的严重破坏，很难划分出正规采区。主要包括：①紧密褶皱、断层密集；②形态复杂的褶皱，断层发育；③断层发育，受岩浆岩的严重破坏。', NULL);

-- --------------------------------------------------------

--
-- 表的结构 `design_drilling_surf_technology`
--

CREATE TABLE IF NOT EXISTS `design_drilling_surf_technology` (
  `id` int(11) NOT NULL AUTO_INCREMENT,
  `design_technology_id` int(11) DEFAULT NULL,
  `name` varchar(255) DEFAULT NULL,
  `comment` varchar(255) DEFAULT NULL,
  `v_offset` decimal(8,2) DEFAULT NULL,
  `h_offset` decimal(8,2) DEFAULT NULL,
  `dp` decimal(8,2) DEFAULT NULL,
  `gp` decimal(8,2) DEFAULT NULL,
  `leading_dist` decimal(8,2) DEFAULT NULL,
  `gbp` decimal(8,2) DEFAULT NULL,
  `l_stripe` decimal(8,2) DEFAULT NULL,
  `ls` decimal(8,2) DEFAULT NULL,
  `ws` decimal(8,2) DEFAULT NULL,
  `hs` decimal(8,2) DEFAULT NULL,
  `gs` decimal(8,2) DEFAULT NULL,
  `wd` decimal(8,2) DEFAULT NULL,
  `hd` decimal(8,2) DEFAULT NULL,
  `l1` decimal(8,2) DEFAULT NULL,
  `l2` decimal(8,2) DEFAULT NULL,
  `w` decimal(8,2) DEFAULT NULL,
  `h` decimal(8,2) DEFAULT NULL,
  `top_side` decimal(8,2) DEFAULT NULL,
  `bottom_side` decimal(8,2) DEFAULT NULL,
  `left_side` decimal(8,2) DEFAULT NULL,
  `right_side` decimal(8,2) DEFAULT NULL,
  `lm` decimal(8,2) DEFAULT NULL,
  `close_length` decimal(8,2) DEFAULT NULL,
  PRIMARY KEY (`id`),
  KEY `fk_relationship_31` (`design_technology_id`)
) ENGINE=InnoDB  DEFAULT CHARSET=utf8 AUTO_INCREMENT=7 ;

--
-- 转存表中的数据 `design_drilling_surf_technology`
--

INSERT INTO `design_drilling_surf_technology` (`id`, `design_technology_id`, `name`, `comment`, `v_offset`, `h_offset`, `dp`, `gp`, `leading_dist`, `gbp`, `l_stripe`, `ls`, `ws`, `hs`, `gs`, `wd`, `hd`, `l1`, `l2`, `w`, `h`, `top_side`, `bottom_side`, `left_side`, `right_side`, `lm`, `close_length`) VALUES
(6, 52, '方案1', '', '10.00', '10.00', '120.00', '3.00', '30.00', '5.00', '100.00', '3.00', '3.00', '3.00', '30.00', '3.00', '3.00', '200.00', '200.00', '4.00', '3.00', '15.00', '15.00', '15.00', '15.00', '200.00', '8.00');

-- --------------------------------------------------------

--
-- 表的结构 `design_eval_unit`
--

CREATE TABLE IF NOT EXISTS `design_eval_unit` (
  `id` int(11) NOT NULL AUTO_INCREMENT,
  `design_eval_unit_partition_id` int(11) DEFAULT NULL,
  `name` varchar(255) DEFAULT NULL,
  `comment` varchar(255) DEFAULT NULL,
  `num` int(11) DEFAULT NULL,
  `l` decimal(8,2) DEFAULT NULL,
  `t` int(11) DEFAULT NULL,
  `gap` decimal(8,2) DEFAULT NULL,
  PRIMARY KEY (`id`),
  KEY `fk_relationship_42` (`design_eval_unit_partition_id`)
) ENGINE=InnoDB  DEFAULT CHARSET=utf8 AUTO_INCREMENT=169 ;

--
-- 转存表中的数据 `design_eval_unit`
--

INSERT INTO `design_eval_unit` (`id`, `design_eval_unit_partition_id`, `name`, `comment`, `num`, `l`, `t`, `gap`) VALUES
(114, 26, NULL, NULL, 1, '8.02', 238, NULL),
(115, 26, NULL, NULL, 2, '293.61', 167, NULL),
(116, 26, NULL, NULL, 3, '493.53', 117, NULL),
(117, 26, NULL, NULL, 4, '633.47', 82, NULL),
(118, 26, NULL, NULL, 5, '731.43', 57, NULL),
(119, 26, NULL, NULL, 6, '800.00', 40, NULL),
(162, 23, NULL, NULL, 1, '325.01', 255, NULL),
(163, 23, NULL, NULL, 2, '554.51', 178, NULL),
(164, 23, NULL, NULL, 3, '715.16', 125, NULL),
(165, 23, NULL, NULL, 4, '827.61', 87, NULL),
(166, 23, NULL, NULL, 5, '906.33', 61, NULL),
(167, 23, NULL, NULL, 6, '961.43', 43, NULL),
(168, 23, NULL, NULL, 7, '1000.00', 30, NULL);

-- --------------------------------------------------------

--
-- 表的结构 `design_eval_unit_partition`
--

CREATE TABLE IF NOT EXISTS `design_eval_unit_partition` (
  `id` int(11) NOT NULL AUTO_INCREMENT,
  `work_surf_id` int(11) DEFAULT NULL,
  `name` varchar(255) DEFAULT NULL,
  `comment` varchar(255) DEFAULT NULL,
  `l2` decimal(8,2) DEFAULT NULL,
  `l1` decimal(8,2) DEFAULT NULL,
  `w` decimal(8,2) DEFAULT NULL,
  `h` decimal(8,2) DEFAULT NULL,
  `l` decimal(8,2) DEFAULT NULL,
  `r` decimal(8,2) DEFAULT NULL,
  `t` decimal(8,2) DEFAULT NULL,
  `v` decimal(8,2) DEFAULT NULL,
  PRIMARY KEY (`id`),
  KEY `fk_relationship_44` (`work_surf_id`)
) ENGINE=InnoDB  DEFAULT CHARSET=utf8 AUTO_INCREMENT=27 ;

--
-- 转存表中的数据 `design_eval_unit_partition`
--

INSERT INTO `design_eval_unit_partition` (`id`, `work_surf_id`, `name`, `comment`, `l2`, `l1`, `w`, `h`, `l`, `r`, `t`, `v`) VALUES
(23, 1, '', '', '300.00', '1000.00', '3.00', '3.00', '1000.00', '3.00', '30.00', '3.00'),
(26, 2, '', '', '180.00', '1000.00', '3.00', '3.00', '800.00', '5.00', '40.00', '4.00');

-- --------------------------------------------------------

--
-- 表的结构 `design_goaf_technology`
--

CREATE TABLE IF NOT EXISTS `design_goaf_technology` (
  `id` int(11) NOT NULL AUTO_INCREMENT,
  `design_technology_id` int(11) DEFAULT NULL,
  `name` varchar(255) DEFAULT NULL,
  `comment` varchar(255) DEFAULT NULL,
  `pore_stubble` decimal(8,2) DEFAULT NULL,
  `dp` decimal(8,2) DEFAULT NULL,
  `gs` decimal(8,2) DEFAULT NULL,
  `ls` decimal(8,2) DEFAULT NULL,
  `ws` decimal(8,2) DEFAULT NULL,
  `hs` decimal(8,2) DEFAULT NULL,
  `gp` decimal(8,2) DEFAULT NULL,
  `pore_num` int(11) DEFAULT NULL,
  `top_dist` decimal(8,2) DEFAULT NULL,
  `h_offset` varchar(255) DEFAULT NULL,
  `y_offset` varchar(255) DEFAULT NULL,
  `l1` decimal(8,2) DEFAULT NULL,
  `l2` decimal(8,2) DEFAULT NULL,
  `w` decimal(8,2) DEFAULT NULL,
  `h` decimal(8,2) DEFAULT NULL,
  PRIMARY KEY (`id`),
  KEY `fk_relationship_39` (`design_technology_id`)
) ENGINE=InnoDB DEFAULT CHARSET=utf8 AUTO_INCREMENT=1 ;

-- --------------------------------------------------------

--
-- 表的结构 `design_pore`
--

CREATE TABLE IF NOT EXISTS `design_pore` (
  `id` int(11) NOT NULL AUTO_INCREMENT,
  `design_eval_unit_id` int(11) DEFAULT NULL,
  `design_site_id` int(11) DEFAULT NULL,
  `name` varchar(255) DEFAULT NULL,
  `d` decimal(8,2) DEFAULT NULL,
  `x1` decimal(8,2) DEFAULT NULL,
  `y1` decimal(8,2) DEFAULT NULL,
  `z1` decimal(8,2) DEFAULT NULL,
  `x2` decimal(8,2) DEFAULT NULL,
  `y2` decimal(8,2) DEFAULT NULL,
  `z2` decimal(8,2) DEFAULT NULL,
  `length` decimal(8,2) DEFAULT NULL,
  `angle1` decimal(8,2) DEFAULT NULL,
  `angle2` decimal(8,2) DEFAULT NULL,
  `comment` varchar(255) DEFAULT NULL,
  `t` int(11) DEFAULT NULL,
  PRIMARY KEY (`id`),
  KEY `fk_relationship_38` (`design_site_id`),
  KEY `fk_relationship_43` (`design_eval_unit_id`)
) ENGINE=InnoDB  DEFAULT CHARSET=utf8 AUTO_INCREMENT=43720 ;

--
-- 转存表中的数据 `design_pore`
--

INSERT INTO `design_pore` (`id`, `design_eval_unit_id`, `design_site_id`, `name`, `d`, `x1`, `y1`, `z1`, `x2`, `y2`, `z2`, `length`, `angle1`, `angle2`, `comment`, `t`) VALUES
(43434, NULL, 427, '1-1', '0.00', '0.00', '0.00', '0.00', '30.00', '15.00', '15.00', '36.74', '63.43', '24.09', '', 0),
(43435, NULL, 427, '1-2', '0.00', '0.00', '0.00', '0.00', '30.00', '15.00', '9.52', '34.87', '63.43', '15.85', '', 0),
(43436, NULL, 427, '1-3', '0.00', '0.00', '0.00', '0.00', '30.00', '15.00', '4.33', '33.82', '63.43', '7.35', '', 0),
(43437, NULL, 427, '1-4', '0.00', '0.00', '0.00', '0.00', '30.00', '15.00', '-15.00', '36.74', '63.43', '-24.09', '', 0),
(43438, NULL, 427, '1-5', '0.00', '0.00', '0.00', '0.00', '30.00', '15.00', '-9.52', '34.87', '63.43', '-15.85', '', 0),
(43439, NULL, 427, '1-6', '0.00', '0.00', '0.00', '0.00', '30.00', '15.00', '-4.33', '33.82', '63.43', '-7.35', '', 0),
(43440, NULL, 427, '1-7', '0.00', '0.00', '0.00', '0.00', '30.00', '15.00', '0.00', '33.54', '63.43', '0.00', '', 0),
(43441, NULL, 427, '1-8', '0.00', '0.00', '0.00', '0.00', '46.19', '15.00', '15.00', '50.83', '72.01', '17.17', '', 0),
(43442, NULL, 427, '1-9', '0.00', '0.00', '0.00', '0.00', '46.19', '15.00', '9.77', '49.53', '72.01', '11.37', '', 0),
(43443, NULL, 427, '1-10', '0.00', '0.00', '0.00', '0.00', '46.19', '15.00', '4.67', '48.79', '72.01', '5.49', '', 0),
(43444, NULL, 427, '1-11', '0.00', '0.00', '0.00', '0.00', '46.19', '15.00', '-15.00', '50.83', '72.01', '-17.17', '', 0),
(43445, NULL, 427, '1-12', '0.00', '0.00', '0.00', '0.00', '46.19', '15.00', '-9.77', '49.53', '72.01', '-11.37', '', 0),
(43446, NULL, 427, '1-13', '0.00', '0.00', '0.00', '0.00', '46.19', '15.00', '-4.67', '48.79', '72.01', '-5.49', '', 0),
(43447, NULL, 427, '1-14', '0.00', '0.00', '0.00', '0.00', '46.19', '15.00', '0.00', '48.56', '72.01', '0.00', '', 0),
(43448, NULL, 427, '1-15', '0.00', '0.00', '0.00', '0.00', '70.07', '15.00', '15.00', '73.22', '77.92', '11.82', '', 0),
(43449, NULL, 427, '1-16', '0.00', '0.00', '0.00', '0.00', '70.07', '15.00', '9.89', '72.34', '77.92', '7.86', '', 0),
(43450, NULL, 427, '1-17', '0.00', '0.00', '0.00', '0.00', '70.07', '15.00', '4.84', '71.83', '77.92', '3.87', '', 0),
(43451, NULL, 427, '1-18', '0.00', '0.00', '0.00', '0.00', '70.07', '15.00', '-15.00', '73.22', '77.92', '-11.82', '', 0),
(43452, NULL, 427, '1-19', '0.00', '0.00', '0.00', '0.00', '70.07', '15.00', '-9.89', '72.34', '77.92', '-7.86', '', 0),
(43453, NULL, 427, '1-20', '0.00', '0.00', '0.00', '0.00', '70.07', '15.00', '-4.84', '71.83', '77.92', '-3.87', '', 0),
(43454, NULL, 427, '1-21', '0.00', '0.00', '0.00', '0.00', '70.07', '15.00', '0.00', '71.66', '77.92', '0.00', '', 0),
(43455, NULL, 427, '1-22', '0.00', '0.00', '0.00', '0.00', '30.00', '-15.00', '15.00', '36.74', '116.57', '24.09', '', 0),
(43456, NULL, 427, '1-23', '0.00', '0.00', '0.00', '0.00', '30.00', '-15.00', '9.52', '34.87', '116.57', '15.85', '', 0),
(43457, NULL, 427, '1-24', '0.00', '0.00', '0.00', '0.00', '30.00', '-15.00', '4.33', '33.82', '116.57', '7.35', '', 0),
(43458, NULL, 427, '1-25', '0.00', '0.00', '0.00', '0.00', '30.00', '-15.00', '-15.00', '36.74', '116.57', '-24.09', '', 0),
(43459, NULL, 427, '1-26', '0.00', '0.00', '0.00', '0.00', '30.00', '-15.00', '-9.52', '34.87', '116.57', '-15.85', '', 0),
(43460, NULL, 427, '1-27', '0.00', '0.00', '0.00', '0.00', '30.00', '-15.00', '-4.33', '33.82', '116.57', '-7.35', '', 0),
(43461, NULL, 427, '1-28', '0.00', '0.00', '0.00', '0.00', '30.00', '-15.00', '0.00', '33.54', '116.57', '0.00', '', 0),
(43462, NULL, 427, '1-29', '0.00', '0.00', '0.00', '0.00', '46.19', '-15.00', '15.00', '50.83', '107.99', '17.17', '', 0),
(43463, NULL, 427, '1-30', '0.00', '0.00', '0.00', '0.00', '46.19', '-15.00', '9.77', '49.53', '107.99', '11.37', '', 0),
(43464, NULL, 427, '1-31', '0.00', '0.00', '0.00', '0.00', '46.19', '-15.00', '4.67', '48.79', '107.99', '5.49', '', 0),
(43465, NULL, 427, '1-32', '0.00', '0.00', '0.00', '0.00', '46.19', '-15.00', '-15.00', '50.83', '107.99', '-17.17', '', 0),
(43466, NULL, 427, '1-33', '0.00', '0.00', '0.00', '0.00', '46.19', '-15.00', '-9.77', '49.53', '107.99', '-11.37', '', 0),
(43467, NULL, 427, '1-34', '0.00', '0.00', '0.00', '0.00', '46.19', '-15.00', '-4.67', '48.79', '107.99', '-5.49', '', 0),
(43468, NULL, 427, '1-35', '0.00', '0.00', '0.00', '0.00', '46.19', '-15.00', '0.00', '48.56', '107.99', '0.00', '', 0),
(43469, NULL, 427, '1-36', '0.00', '0.00', '0.00', '0.00', '70.07', '-15.00', '15.00', '73.22', '102.08', '11.82', '', 0),
(43470, NULL, 427, '1-37', '0.00', '0.00', '0.00', '0.00', '70.07', '-15.00', '9.89', '72.34', '102.08', '7.86', '', 0),
(43471, NULL, 427, '1-38', '0.00', '0.00', '0.00', '0.00', '70.07', '-15.00', '4.84', '71.83', '102.08', '3.87', '', 0),
(43472, NULL, 427, '1-39', '0.00', '0.00', '0.00', '0.00', '70.07', '-15.00', '-15.00', '73.22', '102.08', '-11.82', '', 0),
(43473, NULL, 427, '1-40', '0.00', '0.00', '0.00', '0.00', '70.07', '-15.00', '-9.89', '72.34', '102.08', '-7.86', '', 0),
(43474, NULL, 427, '1-41', '0.00', '0.00', '0.00', '0.00', '70.07', '-15.00', '-4.84', '71.83', '102.08', '-3.87', '', 0),
(43475, NULL, 427, '1-42', '0.00', '0.00', '0.00', '0.00', '70.07', '-15.00', '0.00', '71.66', '102.08', '0.00', '', 0),
(43476, NULL, 427, '1-43', '0.00', '0.00', '0.00', '0.00', '100.00', '15.00', '15.00', '102.23', '81.47', '8.44', '', 0),
(43477, NULL, 427, '1-44', '0.00', '0.00', '0.00', '0.00', '100.00', '15.00', '9.95', '101.61', '81.47', '5.62', '', 0),
(43478, NULL, 427, '1-45', '0.00', '0.00', '0.00', '0.00', '100.00', '15.00', '4.92', '101.24', '81.47', '2.79', '', 0),
(43479, NULL, 427, '1-46', '0.00', '0.00', '0.00', '0.00', '100.00', '15.00', '-15.00', '102.23', '81.47', '-8.44', '', 0),
(43480, NULL, 427, '1-47', '0.00', '0.00', '0.00', '0.00', '100.00', '15.00', '-9.95', '101.61', '81.47', '-5.62', '', 0),
(43481, NULL, 427, '1-48', '0.00', '0.00', '0.00', '0.00', '100.00', '15.00', '-4.92', '101.24', '81.47', '-2.79', '', 0),
(43482, NULL, 427, '1-49', '0.00', '0.00', '0.00', '0.00', '100.00', '15.00', '0.00', '101.12', '81.47', '0.00', '', 0),
(43483, NULL, 427, '1-50', '0.00', '0.00', '0.00', '0.00', '100.00', '20.06', '15.00', '103.09', '78.66', '8.37', '', 0),
(43484, NULL, 427, '1-51', '0.00', '0.00', '0.00', '0.00', '100.00', '20.06', '9.95', '102.48', '78.66', '5.57', '', 0),
(43485, NULL, 427, '1-52', '0.00', '0.00', '0.00', '0.00', '100.00', '20.06', '4.92', '102.11', '78.66', '2.76', '', 0),
(43486, NULL, 427, '1-53', '0.00', '0.00', '0.00', '0.00', '100.00', '20.06', '-15.00', '103.09', '78.66', '-8.37', '', 0),
(43487, NULL, 427, '1-54', '0.00', '0.00', '0.00', '0.00', '100.00', '20.06', '-9.95', '102.48', '78.66', '-5.57', '', 0),
(43488, NULL, 427, '1-55', '0.00', '0.00', '0.00', '0.00', '100.00', '20.06', '-4.92', '102.11', '78.66', '-2.76', '', 0),
(43489, NULL, 427, '1-56', '0.00', '0.00', '0.00', '0.00', '100.00', '20.06', '0.00', '101.99', '78.66', '0.00', '', 0),
(43490, NULL, 427, '1-57', '0.00', '0.00', '0.00', '0.00', '100.00', '25.08', '15.00', '104.18', '75.92', '8.28', '', 0),
(43491, NULL, 427, '1-58', '0.00', '0.00', '0.00', '0.00', '100.00', '25.08', '9.95', '103.58', '75.92', '5.51', '', 0),
(43492, NULL, 427, '1-59', '0.00', '0.00', '0.00', '0.00', '100.00', '25.08', '4.92', '103.21', '75.92', '2.73', '', 0),
(43493, NULL, 427, '1-60', '0.00', '0.00', '0.00', '0.00', '100.00', '25.08', '-15.00', '104.18', '75.92', '-8.28', '', 0),
(43494, NULL, 427, '1-61', '0.00', '0.00', '0.00', '0.00', '100.00', '25.08', '-9.95', '103.58', '75.92', '-5.51', '', 0),
(43495, NULL, 427, '1-62', '0.00', '0.00', '0.00', '0.00', '100.00', '25.08', '-4.92', '103.21', '75.92', '-2.73', '', 0),
(43496, NULL, 427, '1-63', '0.00', '0.00', '0.00', '0.00', '100.00', '25.08', '0.00', '103.10', '75.92', '0.00', '', 0),
(43497, NULL, 427, '1-64', '0.00', '0.00', '0.00', '0.00', '100.00', '-15.00', '15.00', '102.23', '98.53', '8.44', '', 0),
(43498, NULL, 427, '1-65', '0.00', '0.00', '0.00', '0.00', '100.00', '-15.00', '9.95', '101.61', '98.53', '5.62', '', 0),
(43499, NULL, 427, '1-66', '0.00', '0.00', '0.00', '0.00', '100.00', '-15.00', '4.92', '101.24', '98.53', '2.79', '', 0),
(43500, NULL, 427, '1-67', '0.00', '0.00', '0.00', '0.00', '100.00', '-15.00', '-15.00', '102.23', '98.53', '-8.44', '', 0),
(43501, NULL, 427, '1-68', '0.00', '0.00', '0.00', '0.00', '100.00', '-15.00', '-9.95', '101.61', '98.53', '-5.62', '', 0),
(43502, NULL, 427, '1-69', '0.00', '0.00', '0.00', '0.00', '100.00', '-15.00', '-4.92', '101.24', '98.53', '-2.79', '', 0),
(43503, NULL, 427, '1-70', '0.00', '0.00', '0.00', '0.00', '100.00', '-15.00', '0.00', '101.12', '98.53', '0.00', '', 0),
(43504, NULL, 427, '1-71', '0.00', '0.00', '0.00', '0.00', '100.00', '-20.06', '15.00', '103.09', '101.34', '8.37', '', 0),
(43505, NULL, 427, '1-72', '0.00', '0.00', '0.00', '0.00', '100.00', '-20.06', '9.95', '102.48', '101.34', '5.57', '', 0),
(43506, NULL, 427, '1-73', '0.00', '0.00', '0.00', '0.00', '100.00', '-20.06', '4.92', '102.11', '101.34', '2.76', '', 0),
(43507, NULL, 427, '1-74', '0.00', '0.00', '0.00', '0.00', '100.00', '-20.06', '-15.00', '103.09', '101.34', '-8.37', '', 0),
(43508, NULL, 427, '1-75', '0.00', '0.00', '0.00', '0.00', '100.00', '-20.06', '-9.95', '102.48', '101.34', '-5.57', '', 0),
(43509, NULL, 427, '1-76', '0.00', '0.00', '0.00', '0.00', '100.00', '-20.06', '-4.92', '102.11', '101.34', '-2.76', '', 0),
(43510, NULL, 427, '1-77', '0.00', '0.00', '0.00', '0.00', '100.00', '-20.06', '0.00', '101.99', '101.34', '0.00', '', 0),
(43511, NULL, 427, '1-78', '0.00', '0.00', '0.00', '0.00', '100.00', '-25.08', '15.00', '104.18', '104.08', '8.28', '', 0),
(43512, NULL, 427, '1-79', '0.00', '0.00', '0.00', '0.00', '100.00', '-25.08', '9.95', '103.58', '104.08', '5.51', '', 0),
(43513, NULL, 427, '1-80', '0.00', '0.00', '0.00', '0.00', '100.00', '-25.08', '4.92', '103.21', '104.08', '2.73', '', 0),
(43514, NULL, 427, '1-81', '0.00', '0.00', '0.00', '0.00', '100.00', '-25.08', '-15.00', '104.18', '104.08', '-8.28', '', 0),
(43515, NULL, 427, '1-82', '0.00', '0.00', '0.00', '0.00', '100.00', '-25.08', '-9.95', '103.58', '104.08', '-5.51', '', 0),
(43516, NULL, 427, '1-83', '0.00', '0.00', '0.00', '0.00', '100.00', '-25.08', '-4.92', '103.21', '104.08', '-2.73', '', 0),
(43517, NULL, 427, '1-84', '0.00', '0.00', '0.00', '0.00', '100.00', '-25.08', '0.00', '103.10', '104.08', '0.00', '', 0),
(43518, NULL, 428, '1-1', '0.00', '0.75', '-100.00', '0.00', '0.75', '10.00', '0.00', '110.00', '0.00', '0.00', '', 0),
(43519, NULL, 428, '1-2', '0.00', '3.75', '-100.00', '0.00', '3.75', '10.00', '0.00', '110.00', '0.00', '0.00', '', 0),
(43520, NULL, 428, '1-3', '0.00', '6.75', '-100.00', '0.00', '6.75', '10.00', '0.00', '110.00', '0.00', '0.00', '', 0),
(43521, NULL, 428, '1-4', '0.00', '9.75', '-100.00', '0.00', '9.75', '10.00', '0.00', '110.00', '0.00', '0.00', '', 0),
(43522, NULL, 428, '1-5', '0.00', '12.75', '-100.00', '0.00', '12.75', '10.00', '0.00', '110.00', '0.00', '0.00', '', 0),
(43523, NULL, 428, '1-6', '0.00', '15.75', '-100.00', '0.00', '15.75', '10.00', '0.00', '110.00', '0.00', '0.00', '', 0),
(43524, NULL, 428, '1-7', '0.00', '18.75', '-100.00', '0.00', '18.75', '10.00', '0.00', '110.00', '0.00', '0.00', '', 0),
(43525, NULL, 428, '1-8', '0.00', '21.75', '-100.00', '0.00', '21.75', '10.00', '0.00', '110.00', '0.00', '0.00', '', 0),
(43526, NULL, 428, '1-9', '0.00', '24.75', '-100.00', '0.00', '24.75', '10.00', '0.00', '110.00', '0.00', '0.00', '', 0),
(43527, NULL, 428, '1-10', '0.00', '27.75', '-100.00', '0.00', '27.75', '10.00', '0.00', '110.00', '0.00', '0.00', '', 0),
(43528, NULL, 428, '1-11', '0.00', '30.75', '-100.00', '0.00', '30.75', '10.00', '0.00', '110.00', '0.00', '0.00', '', 0),
(43529, NULL, 428, '1-12', '0.00', '33.75', '-100.00', '0.00', '33.75', '10.00', '0.00', '110.00', '0.00', '0.00', '', 0),
(43530, NULL, 428, '1-13', '0.00', '36.75', '-100.00', '0.00', '36.75', '10.00', '0.00', '110.00', '0.00', '0.00', '', 0),
(43531, NULL, 428, '1-14', '0.00', '39.75', '-100.00', '0.00', '39.75', '10.00', '0.00', '110.00', '0.00', '0.00', '', 0),
(43532, NULL, 428, '1-15', '0.00', '42.75', '-100.00', '0.00', '42.75', '10.00', '0.00', '110.00', '0.00', '0.00', '', 0),
(43533, NULL, 428, '1-16', '0.00', '45.75', '-100.00', '0.00', '45.75', '10.00', '0.00', '110.00', '0.00', '0.00', '', 0),
(43534, NULL, 428, '1-17', '0.00', '48.75', '-100.00', '0.00', '48.75', '10.00', '0.00', '110.00', '0.00', '0.00', '', 0),
(43535, NULL, 428, '1-18', '0.00', '51.75', '-100.00', '0.00', '51.75', '10.00', '0.00', '110.00', '0.00', '0.00', '', 0),
(43536, NULL, 428, '1-19', '0.00', '54.75', '-100.00', '0.00', '54.75', '10.00', '0.00', '110.00', '0.00', '0.00', '', 0),
(43537, NULL, 428, '1-20', '0.00', '57.75', '-100.00', '0.00', '57.75', '10.00', '0.00', '110.00', '0.00', '0.00', '', 0),
(43538, NULL, 428, '1-21', '0.00', '60.75', '-100.00', '0.00', '60.75', '10.00', '0.00', '110.00', '0.00', '0.00', '', 0),
(43539, NULL, 428, '1-22', '0.00', '63.75', '-100.00', '0.00', '63.75', '10.00', '0.00', '110.00', '0.00', '0.00', '', 0),
(43540, NULL, 428, '1-23', '0.00', '66.75', '-100.00', '0.00', '66.75', '10.00', '0.00', '110.00', '0.00', '0.00', '', 0),
(43541, NULL, 428, '1-24', '0.00', '69.75', '-100.00', '0.00', '69.75', '10.00', '0.00', '110.00', '0.00', '0.00', '', 0),
(43542, NULL, 428, '1-25', '0.00', '72.75', '-100.00', '0.00', '72.75', '10.00', '0.00', '110.00', '0.00', '0.00', '', 0),
(43543, NULL, 428, '1-26', '0.00', '75.75', '-100.00', '0.00', '75.75', '10.00', '0.00', '110.00', '0.00', '0.00', '', 0),
(43544, NULL, 428, '1-27', '0.00', '78.75', '-100.00', '0.00', '78.75', '10.00', '0.00', '110.00', '0.00', '0.00', '', 0),
(43545, NULL, 428, '1-28', '0.00', '81.75', '-100.00', '0.00', '81.75', '10.00', '0.00', '110.00', '0.00', '0.00', '', 0),
(43546, NULL, 428, '1-29', '0.00', '84.75', '-100.00', '0.00', '84.75', '10.00', '0.00', '110.00', '0.00', '0.00', '', 0),
(43547, NULL, 428, '1-30', '0.00', '87.75', '-100.00', '0.00', '87.75', '10.00', '0.00', '110.00', '0.00', '0.00', '', 0),
(43548, NULL, 428, '1-31', '0.00', '90.75', '-100.00', '0.00', '90.75', '10.00', '0.00', '110.00', '0.00', '0.00', '', 0),
(43549, NULL, 428, '1-32', '0.00', '93.75', '-100.00', '0.00', '93.75', '10.00', '0.00', '110.00', '0.00', '0.00', '', 0),
(43550, NULL, 428, '1-33', '0.00', '96.75', '-100.00', '0.00', '96.75', '10.00', '0.00', '110.00', '0.00', '0.00', '', 0),
(43551, NULL, 428, '1-34', '0.00', '99.75', '-100.00', '0.00', '99.75', '10.00', '0.00', '110.00', '0.00', '0.00', '', 0),
(43552, NULL, 428, '1-35', '0.00', '102.75', '-100.00', '0.00', '102.75', '10.00', '0.00', '110.00', '0.00', '0.00', '', 0),
(43553, NULL, 428, '1-36', '0.00', '105.75', '-100.00', '0.00', '105.75', '10.00', '0.00', '110.00', '0.00', '0.00', '', 0),
(43554, NULL, 428, '1-37', '0.00', '108.75', '-100.00', '0.00', '108.75', '10.00', '0.00', '110.00', '0.00', '0.00', '', 0),
(43555, NULL, 428, '1-38', '0.00', '111.75', '-100.00', '0.00', '111.75', '10.00', '0.00', '110.00', '0.00', '0.00', '', 0),
(43556, NULL, 428, '1-39', '0.00', '114.75', '-100.00', '0.00', '114.75', '10.00', '0.00', '110.00', '0.00', '0.00', '', 0),
(43557, NULL, 428, '1-40', '0.00', '117.75', '-100.00', '0.00', '117.75', '10.00', '0.00', '110.00', '0.00', '0.00', '', 0),
(43558, NULL, 428, '1-41', '0.00', '120.75', '-100.00', '0.00', '120.75', '10.00', '0.00', '110.00', '0.00', '0.00', '', 0),
(43559, NULL, 428, '1-42', '0.00', '123.75', '-100.00', '0.00', '123.75', '10.00', '0.00', '110.00', '0.00', '0.00', '', 0),
(43560, NULL, 428, '1-43', '0.00', '126.75', '-100.00', '0.00', '126.75', '10.00', '0.00', '110.00', '0.00', '0.00', '', 0),
(43561, NULL, 428, '1-44', '0.00', '129.75', '-100.00', '0.00', '129.75', '10.00', '0.00', '110.00', '0.00', '0.00', '', 0),
(43562, NULL, 428, '1-45', '0.00', '132.75', '-100.00', '0.00', '132.75', '10.00', '0.00', '110.00', '0.00', '0.00', '', 0),
(43563, NULL, 428, '1-46', '0.00', '135.75', '-100.00', '0.00', '135.75', '10.00', '0.00', '110.00', '0.00', '0.00', '', 0),
(43564, NULL, 428, '1-47', '0.00', '138.75', '-100.00', '0.00', '138.75', '10.00', '0.00', '110.00', '0.00', '0.00', '', 0),
(43565, NULL, 428, '1-48', '0.00', '141.75', '-100.00', '0.00', '141.75', '10.00', '0.00', '110.00', '0.00', '0.00', '', 0),
(43566, NULL, 428, '1-49', '0.00', '144.75', '-100.00', '0.00', '144.75', '10.00', '0.00', '110.00', '0.00', '0.00', '', 0),
(43567, NULL, 428, '1-50', '0.00', '147.75', '-100.00', '0.00', '147.75', '10.00', '0.00', '110.00', '0.00', '0.00', '', 0),
(43568, NULL, 428, '1-51', '0.00', '150.75', '-100.00', '0.00', '150.75', '10.00', '0.00', '110.00', '0.00', '0.00', '', 0),
(43569, NULL, 428, '1-52', '0.00', '153.75', '-100.00', '0.00', '153.75', '10.00', '0.00', '110.00', '0.00', '0.00', '', 0),
(43570, NULL, 428, '1-53', '0.00', '156.75', '-100.00', '0.00', '156.75', '10.00', '0.00', '110.00', '0.00', '0.00', '', 0),
(43571, NULL, 428, '1-54', '0.00', '159.75', '-100.00', '0.00', '159.75', '10.00', '0.00', '110.00', '0.00', '0.00', '', 0),
(43572, NULL, 428, '1-55', '0.00', '162.75', '-100.00', '0.00', '162.75', '10.00', '0.00', '110.00', '0.00', '0.00', '', 0),
(43573, NULL, 428, '1-56', '0.00', '165.75', '-100.00', '0.00', '165.75', '10.00', '0.00', '110.00', '0.00', '0.00', '', 0),
(43574, NULL, 428, '1-57', '0.00', '168.75', '-100.00', '0.00', '168.75', '10.00', '0.00', '110.00', '0.00', '0.00', '', 0),
(43575, NULL, 428, '1-58', '0.00', '171.75', '-100.00', '0.00', '171.75', '10.00', '0.00', '110.00', '0.00', '0.00', '', 0),
(43576, NULL, 428, '1-59', '0.00', '174.75', '-100.00', '0.00', '174.75', '10.00', '0.00', '110.00', '0.00', '0.00', '', 0),
(43577, NULL, 428, '1-60', '0.00', '177.75', '-100.00', '0.00', '177.75', '10.00', '0.00', '110.00', '0.00', '0.00', '', 0),
(43578, NULL, 428, '1-61', '0.00', '180.75', '-100.00', '0.00', '180.75', '10.00', '0.00', '110.00', '0.00', '0.00', '', 0),
(43579, NULL, 428, '1-62', '0.00', '183.75', '-100.00', '0.00', '183.75', '10.00', '0.00', '110.00', '0.00', '0.00', '', 0),
(43580, NULL, 428, '1-63', '0.00', '186.75', '-100.00', '0.00', '186.75', '10.00', '0.00', '110.00', '0.00', '0.00', '', 0),
(43581, NULL, 428, '1-64', '0.00', '189.75', '-100.00', '0.00', '189.75', '10.00', '0.00', '110.00', '0.00', '0.00', '', 0),
(43582, NULL, 428, '1-65', '0.00', '192.75', '-100.00', '0.00', '192.75', '10.00', '0.00', '110.00', '0.00', '0.00', '', 0),
(43583, NULL, 428, '1-66', '0.00', '195.75', '-100.00', '0.00', '195.75', '10.00', '0.00', '110.00', '0.00', '0.00', '', 0),
(43584, NULL, 428, '1-67', '0.00', '198.75', '-100.00', '0.00', '198.75', '10.00', '0.00', '110.00', '0.00', '0.00', '', 0),
(43585, NULL, 428, '1-68', '0.00', '201.75', '-100.00', '0.00', '201.75', '10.00', '0.00', '110.00', '0.00', '0.00', '', 0),
(43586, NULL, 428, '1-69', '0.00', '204.75', '-100.00', '0.00', '204.75', '10.00', '0.00', '110.00', '0.00', '0.00', '', 0),
(43587, NULL, 428, '1-70', '0.00', '207.75', '-100.00', '0.00', '207.75', '10.00', '0.00', '110.00', '0.00', '0.00', '', 0),
(43588, NULL, 428, '1-71', '0.00', '210.75', '-100.00', '0.00', '210.75', '10.00', '0.00', '110.00', '0.00', '0.00', '', 0),
(43589, NULL, 428, '1-72', '0.00', '213.75', '-100.00', '0.00', '213.75', '10.00', '0.00', '110.00', '0.00', '0.00', '', 0),
(43590, NULL, 428, '1-73', '0.00', '216.75', '-100.00', '0.00', '216.75', '10.00', '0.00', '110.00', '0.00', '0.00', '', 0),
(43591, NULL, 428, '1-74', '0.00', '219.75', '-100.00', '0.00', '219.75', '10.00', '0.00', '110.00', '0.00', '0.00', '', 0),
(43592, NULL, 428, '1-75', '0.00', '222.75', '-100.00', '0.00', '222.75', '10.00', '0.00', '110.00', '0.00', '0.00', '', 0),
(43593, NULL, 428, '1-76', '0.00', '225.75', '-100.00', '0.00', '225.75', '10.00', '0.00', '110.00', '0.00', '0.00', '', 0),
(43594, NULL, 428, '1-77', '0.00', '228.75', '-100.00', '0.00', '228.75', '10.00', '0.00', '110.00', '0.00', '0.00', '', 0),
(43595, NULL, 428, '1-78', '0.00', '231.75', '-100.00', '0.00', '231.75', '10.00', '0.00', '110.00', '0.00', '0.00', '', 0),
(43596, NULL, 428, '1-79', '0.00', '234.75', '-100.00', '0.00', '234.75', '10.00', '0.00', '110.00', '0.00', '0.00', '', 0),
(43597, NULL, 428, '1-80', '0.00', '237.75', '-100.00', '0.00', '237.75', '10.00', '0.00', '110.00', '0.00', '0.00', '', 0),
(43598, NULL, 428, '1-81', '0.00', '240.75', '-100.00', '0.00', '240.75', '10.00', '0.00', '110.00', '0.00', '0.00', '', 0),
(43599, NULL, 428, '1-82', '0.00', '243.75', '-100.00', '0.00', '243.75', '10.00', '0.00', '110.00', '0.00', '0.00', '', 0),
(43600, NULL, 428, '1-83', '0.00', '246.75', '-100.00', '0.00', '246.75', '10.00', '0.00', '110.00', '0.00', '0.00', '', 0),
(43601, NULL, 428, '1-84', '0.00', '249.75', '-100.00', '0.00', '249.75', '10.00', '0.00', '110.00', '0.00', '0.00', '', 0),
(43602, NULL, 428, '1-85', '0.00', '252.75', '-100.00', '0.00', '252.75', '10.00', '0.00', '110.00', '0.00', '0.00', '', 0),
(43603, NULL, 428, '1-86', '0.00', '255.75', '-100.00', '0.00', '255.75', '10.00', '0.00', '110.00', '0.00', '0.00', '', 0),
(43604, NULL, 428, '1-87', '0.00', '258.75', '-100.00', '0.00', '258.75', '10.00', '0.00', '110.00', '0.00', '0.00', '', 0),
(43605, NULL, 428, '1-88', '0.00', '261.75', '-100.00', '0.00', '261.75', '10.00', '0.00', '110.00', '0.00', '0.00', '', 0),
(43606, NULL, 428, '1-89', '0.00', '264.75', '-100.00', '0.00', '264.75', '10.00', '0.00', '110.00', '0.00', '0.00', '', 0),
(43607, NULL, 428, '1-90', '0.00', '267.75', '-100.00', '0.00', '267.75', '10.00', '0.00', '110.00', '0.00', '0.00', '', 0),
(43608, NULL, 428, '1-91', '0.00', '270.75', '-100.00', '0.00', '270.75', '10.00', '0.00', '110.00', '0.00', '0.00', '', 0),
(43609, NULL, 428, '1-92', '0.00', '273.75', '-100.00', '0.00', '273.75', '10.00', '0.00', '110.00', '0.00', '0.00', '', 0),
(43610, NULL, 428, '1-93', '0.00', '276.75', '-100.00', '0.00', '276.75', '10.00', '0.00', '110.00', '0.00', '0.00', '', 0),
(43611, NULL, 428, '1-94', '0.00', '279.75', '-100.00', '0.00', '279.75', '10.00', '0.00', '110.00', '0.00', '0.00', '', 0),
(43612, NULL, 428, '1-95', '0.00', '282.75', '-100.00', '0.00', '282.75', '10.00', '0.00', '110.00', '0.00', '0.00', '', 0),
(43613, NULL, 428, '1-96', '0.00', '285.75', '-100.00', '0.00', '285.75', '10.00', '0.00', '110.00', '0.00', '0.00', '', 0),
(43614, NULL, 428, '1-97', '0.00', '288.75', '-100.00', '0.00', '288.75', '10.00', '0.00', '110.00', '0.00', '0.00', '', 0),
(43615, NULL, 428, '1-98', '0.00', '291.75', '-100.00', '0.00', '291.75', '10.00', '0.00', '110.00', '0.00', '0.00', '', 0),
(43616, NULL, 428, '1-99', '0.00', '294.75', '-100.00', '0.00', '294.75', '10.00', '0.00', '110.00', '0.00', '0.00', '', 0),
(43617, NULL, 428, '1-100', '0.00', '297.75', '-100.00', '0.00', '297.75', '10.00', '0.00', '110.00', '0.00', '0.00', '', 0),
(43618, NULL, 428, '1-101', '0.00', '300.75', '-100.00', '0.00', '300.75', '10.00', '0.00', '110.00', '0.00', '0.00', '', 0),
(43619, NULL, 429, '2-1', '0.00', '2.25', '100.00', '0.00', '2.25', '-10.00', '0.00', '110.00', '-180.00', '0.00', '', 0),
(43620, NULL, 429, '2-2', '0.00', '5.25', '100.00', '0.00', '5.25', '-10.00', '0.00', '110.00', '-180.00', '0.00', '', 0),
(43621, NULL, 429, '2-3', '0.00', '8.25', '100.00', '0.00', '8.25', '-10.00', '0.00', '110.00', '-180.00', '0.00', '', 0),
(43622, NULL, 429, '2-4', '0.00', '11.25', '100.00', '0.00', '11.25', '-10.00', '0.00', '110.00', '-180.00', '0.00', '', 0),
(43623, NULL, 429, '2-5', '0.00', '14.25', '100.00', '0.00', '14.25', '-10.00', '0.00', '110.00', '-180.00', '0.00', '', 0),
(43624, NULL, 429, '2-6', '0.00', '17.25', '100.00', '0.00', '17.25', '-10.00', '0.00', '110.00', '-180.00', '0.00', '', 0),
(43625, NULL, 429, '2-7', '0.00', '20.25', '100.00', '0.00', '20.25', '-10.00', '0.00', '110.00', '-180.00', '0.00', '', 0),
(43626, NULL, 429, '2-8', '0.00', '23.25', '100.00', '0.00', '23.25', '-10.00', '0.00', '110.00', '-180.00', '0.00', '', 0),
(43627, NULL, 429, '2-9', '0.00', '26.25', '100.00', '0.00', '26.25', '-10.00', '0.00', '110.00', '-180.00', '0.00', '', 0),
(43628, NULL, 429, '2-10', '0.00', '29.25', '100.00', '0.00', '29.25', '-10.00', '0.00', '110.00', '-180.00', '0.00', '', 0),
(43629, NULL, 429, '2-11', '0.00', '32.25', '100.00', '0.00', '32.25', '-10.00', '0.00', '110.00', '-180.00', '0.00', '', 0),
(43630, NULL, 429, '2-12', '0.00', '35.25', '100.00', '0.00', '35.25', '-10.00', '0.00', '110.00', '-180.00', '0.00', '', 0),
(43631, NULL, 429, '2-13', '0.00', '38.25', '100.00', '0.00', '38.25', '-10.00', '0.00', '110.00', '-180.00', '0.00', '', 0),
(43632, NULL, 429, '2-14', '0.00', '41.25', '100.00', '0.00', '41.25', '-10.00', '0.00', '110.00', '-180.00', '0.00', '', 0),
(43633, NULL, 429, '2-15', '0.00', '44.25', '100.00', '0.00', '44.25', '-10.00', '0.00', '110.00', '-180.00', '0.00', '', 0),
(43634, NULL, 429, '2-16', '0.00', '47.25', '100.00', '0.00', '47.25', '-10.00', '0.00', '110.00', '-180.00', '0.00', '', 0),
(43635, NULL, 429, '2-17', '0.00', '50.25', '100.00', '0.00', '50.25', '-10.00', '0.00', '110.00', '-180.00', '0.00', '', 0),
(43636, NULL, 429, '2-18', '0.00', '53.25', '100.00', '0.00', '53.25', '-10.00', '0.00', '110.00', '-180.00', '0.00', '', 0),
(43637, NULL, 429, '2-19', '0.00', '56.25', '100.00', '0.00', '56.25', '-10.00', '0.00', '110.00', '-180.00', '0.00', '', 0),
(43638, NULL, 429, '2-20', '0.00', '59.25', '100.00', '0.00', '59.25', '-10.00', '0.00', '110.00', '-180.00', '0.00', '', 0),
(43639, NULL, 429, '2-21', '0.00', '62.25', '100.00', '0.00', '62.25', '-10.00', '0.00', '110.00', '-180.00', '0.00', '', 0),
(43640, NULL, 429, '2-22', '0.00', '65.25', '100.00', '0.00', '65.25', '-10.00', '0.00', '110.00', '-180.00', '0.00', '', 0),
(43641, NULL, 429, '2-23', '0.00', '68.25', '100.00', '0.00', '68.25', '-10.00', '0.00', '110.00', '-180.00', '0.00', '', 0),
(43642, NULL, 429, '2-24', '0.00', '71.25', '100.00', '0.00', '71.25', '-10.00', '0.00', '110.00', '-180.00', '0.00', '', 0),
(43643, NULL, 429, '2-25', '0.00', '74.25', '100.00', '0.00', '74.25', '-10.00', '0.00', '110.00', '-180.00', '0.00', '', 0),
(43644, NULL, 429, '2-26', '0.00', '77.25', '100.00', '0.00', '77.25', '-10.00', '0.00', '110.00', '-180.00', '0.00', '', 0),
(43645, NULL, 429, '2-27', '0.00', '80.25', '100.00', '0.00', '80.25', '-10.00', '0.00', '110.00', '-180.00', '0.00', '', 0),
(43646, NULL, 429, '2-28', '0.00', '83.25', '100.00', '0.00', '83.25', '-10.00', '0.00', '110.00', '-180.00', '0.00', '', 0),
(43647, NULL, 429, '2-29', '0.00', '86.25', '100.00', '0.00', '86.25', '-10.00', '0.00', '110.00', '-180.00', '0.00', '', 0),
(43648, NULL, 429, '2-30', '0.00', '89.25', '100.00', '0.00', '89.25', '-10.00', '0.00', '110.00', '-180.00', '0.00', '', 0),
(43649, NULL, 429, '2-31', '0.00', '92.25', '100.00', '0.00', '92.25', '-10.00', '0.00', '110.00', '-180.00', '0.00', '', 0),
(43650, NULL, 429, '2-32', '0.00', '95.25', '100.00', '0.00', '95.25', '-10.00', '0.00', '110.00', '-180.00', '0.00', '', 0),
(43651, NULL, 429, '2-33', '0.00', '98.25', '100.00', '0.00', '98.25', '-10.00', '0.00', '110.00', '-180.00', '0.00', '', 0),
(43652, NULL, 429, '2-34', '0.00', '101.25', '100.00', '0.00', '101.25', '-10.00', '0.00', '110.00', '-180.00', '0.00', '', 0),
(43653, NULL, 429, '2-35', '0.00', '104.25', '100.00', '0.00', '104.25', '-10.00', '0.00', '110.00', '-180.00', '0.00', '', 0),
(43654, NULL, 429, '2-36', '0.00', '107.25', '100.00', '0.00', '107.25', '-10.00', '0.00', '110.00', '-180.00', '0.00', '', 0),
(43655, NULL, 429, '2-37', '0.00', '110.25', '100.00', '0.00', '110.25', '-10.00', '0.00', '110.00', '-180.00', '0.00', '', 0),
(43656, NULL, 429, '2-38', '0.00', '113.25', '100.00', '0.00', '113.25', '-10.00', '0.00', '110.00', '-180.00', '0.00', '', 0),
(43657, NULL, 429, '2-39', '0.00', '116.25', '100.00', '0.00', '116.25', '-10.00', '0.00', '110.00', '-180.00', '0.00', '', 0),
(43658, NULL, 429, '2-40', '0.00', '119.25', '100.00', '0.00', '119.25', '-10.00', '0.00', '110.00', '-180.00', '0.00', '', 0),
(43659, NULL, 429, '2-41', '0.00', '122.25', '100.00', '0.00', '122.25', '-10.00', '0.00', '110.00', '-180.00', '0.00', '', 0),
(43660, NULL, 429, '2-42', '0.00', '125.25', '100.00', '0.00', '125.25', '-10.00', '0.00', '110.00', '-180.00', '0.00', '', 0),
(43661, NULL, 429, '2-43', '0.00', '128.25', '100.00', '0.00', '128.25', '-10.00', '0.00', '110.00', '180.00', '0.00', '', 0),
(43662, NULL, 429, '2-44', '0.00', '131.25', '100.00', '0.00', '131.25', '-10.00', '0.00', '110.00', '180.00', '0.00', '', 0),
(43663, NULL, 429, '2-45', '0.00', '134.25', '100.00', '0.00', '134.25', '-10.00', '0.00', '110.00', '180.00', '0.00', '', 0),
(43664, NULL, 429, '2-46', '0.00', '137.25', '100.00', '0.00', '137.25', '-10.00', '0.00', '110.00', '180.00', '0.00', '', 0),
(43665, NULL, 429, '2-47', '0.00', '140.25', '100.00', '0.00', '140.25', '-10.00', '0.00', '110.00', '180.00', '0.00', '', 0),
(43666, NULL, 429, '2-48', '0.00', '143.25', '100.00', '0.00', '143.25', '-10.00', '0.00', '110.00', '180.00', '0.00', '', 0),
(43667, NULL, 429, '2-49', '0.00', '146.25', '100.00', '0.00', '146.25', '-10.00', '0.00', '110.00', '180.00', '0.00', '', 0),
(43668, NULL, 429, '2-50', '0.00', '149.25', '100.00', '0.00', '149.25', '-10.00', '0.00', '110.00', '180.00', '0.00', '', 0),
(43669, NULL, 429, '2-51', '0.00', '152.25', '100.00', '0.00', '152.25', '-10.00', '0.00', '110.00', '180.00', '0.00', '', 0),
(43670, NULL, 429, '2-52', '0.00', '155.25', '100.00', '0.00', '155.25', '-10.00', '0.00', '110.00', '180.00', '0.00', '', 0),
(43671, NULL, 429, '2-53', '0.00', '158.25', '100.00', '0.00', '158.25', '-10.00', '0.00', '110.00', '180.00', '0.00', '', 0),
(43672, NULL, 429, '2-54', '0.00', '161.25', '100.00', '0.00', '161.25', '-10.00', '0.00', '110.00', '180.00', '0.00', '', 0),
(43673, NULL, 429, '2-55', '0.00', '164.25', '100.00', '0.00', '164.25', '-10.00', '0.00', '110.00', '180.00', '0.00', '', 0),
(43674, NULL, 429, '2-56', '0.00', '167.25', '100.00', '0.00', '167.25', '-10.00', '0.00', '110.00', '180.00', '0.00', '', 0),
(43675, NULL, 429, '2-57', '0.00', '170.25', '100.00', '0.00', '170.25', '-10.00', '0.00', '110.00', '180.00', '0.00', '', 0),
(43676, NULL, 429, '2-58', '0.00', '173.25', '100.00', '0.00', '173.25', '-10.00', '0.00', '110.00', '180.00', '0.00', '', 0),
(43677, NULL, 429, '2-59', '0.00', '176.25', '100.00', '0.00', '176.25', '-10.00', '0.00', '110.00', '180.00', '0.00', '', 0),
(43678, NULL, 429, '2-60', '0.00', '179.25', '100.00', '0.00', '179.25', '-10.00', '0.00', '110.00', '180.00', '0.00', '', 0),
(43679, NULL, 429, '2-61', '0.00', '182.25', '100.00', '0.00', '182.25', '-10.00', '0.00', '110.00', '180.00', '0.00', '', 0),
(43680, NULL, 429, '2-62', '0.00', '185.25', '100.00', '0.00', '185.25', '-10.00', '0.00', '110.00', '180.00', '0.00', '', 0),
(43681, NULL, 429, '2-63', '0.00', '188.25', '100.00', '0.00', '188.25', '-10.00', '0.00', '110.00', '180.00', '0.00', '', 0),
(43682, NULL, 429, '2-64', '0.00', '191.25', '100.00', '0.00', '191.25', '-10.00', '0.00', '110.00', '180.00', '0.00', '', 0),
(43683, NULL, 429, '2-65', '0.00', '194.25', '100.00', '0.00', '194.25', '-10.00', '0.00', '110.00', '180.00', '0.00', '', 0),
(43684, NULL, 429, '2-66', '0.00', '197.25', '100.00', '0.00', '197.25', '-10.00', '0.00', '110.00', '180.00', '0.00', '', 0),
(43685, NULL, 429, '2-67', '0.00', '200.25', '100.00', '0.00', '200.25', '-10.00', '0.00', '110.00', '180.00', '0.00', '', 0),
(43686, NULL, 429, '2-68', '0.00', '203.25', '100.00', '0.00', '203.25', '-10.00', '0.00', '110.00', '180.00', '0.00', '', 0),
(43687, NULL, 429, '2-69', '0.00', '206.25', '100.00', '0.00', '206.25', '-10.00', '0.00', '110.00', '180.00', '0.00', '', 0),
(43688, NULL, 429, '2-70', '0.00', '209.25', '100.00', '0.00', '209.25', '-10.00', '0.00', '110.00', '180.00', '0.00', '', 0),
(43689, NULL, 429, '2-71', '0.00', '212.25', '100.00', '0.00', '212.25', '-10.00', '0.00', '110.00', '180.00', '0.00', '', 0),
(43690, NULL, 429, '2-72', '0.00', '215.25', '100.00', '0.00', '215.25', '-10.00', '0.00', '110.00', '180.00', '0.00', '', 0),
(43691, NULL, 429, '2-73', '0.00', '218.25', '100.00', '0.00', '218.25', '-10.00', '0.00', '110.00', '180.00', '0.00', '', 0),
(43692, NULL, 429, '2-74', '0.00', '221.25', '100.00', '0.00', '221.25', '-10.00', '0.00', '110.00', '180.00', '0.00', '', 0),
(43693, NULL, 429, '2-75', '0.00', '224.25', '100.00', '0.00', '224.25', '-10.00', '0.00', '110.00', '180.00', '0.00', '', 0),
(43694, NULL, 429, '2-76', '0.00', '227.25', '100.00', '0.00', '227.25', '-10.00', '0.00', '110.00', '180.00', '0.00', '', 0),
(43695, NULL, 429, '2-77', '0.00', '230.25', '100.00', '0.00', '230.25', '-10.00', '0.00', '110.00', '180.00', '0.00', '', 0),
(43696, NULL, 429, '2-78', '0.00', '233.25', '100.00', '0.00', '233.25', '-10.00', '0.00', '110.00', '180.00', '0.00', '', 0),
(43697, NULL, 429, '2-79', '0.00', '236.25', '100.00', '0.00', '236.25', '-10.00', '0.00', '110.00', '180.00', '0.00', '', 0),
(43698, NULL, 429, '2-80', '0.00', '239.25', '100.00', '0.00', '239.25', '-10.00', '0.00', '110.00', '180.00', '0.00', '', 0),
(43699, NULL, 429, '2-81', '0.00', '242.25', '100.00', '0.00', '242.25', '-10.00', '0.00', '110.00', '180.00', '0.00', '', 0),
(43700, NULL, 429, '2-82', '0.00', '245.25', '100.00', '0.00', '245.25', '-10.00', '0.00', '110.00', '180.00', '0.00', '', 0),
(43701, NULL, 429, '2-83', '0.00', '248.25', '100.00', '0.00', '248.25', '-10.00', '0.00', '110.00', '180.00', '0.00', '', 0),
(43702, NULL, 429, '2-84', '0.00', '251.25', '100.00', '0.00', '251.25', '-10.00', '0.00', '110.00', '180.00', '0.00', '', 0),
(43703, NULL, 429, '2-85', '0.00', '254.25', '100.00', '0.00', '254.25', '-10.00', '0.00', '110.00', '180.00', '0.00', '', 0),
(43704, NULL, 429, '2-86', '0.00', '257.25', '100.00', '0.00', '257.25', '-10.00', '0.00', '110.00', '180.00', '0.00', '', 0),
(43705, NULL, 429, '2-87', '0.00', '260.25', '100.00', '0.00', '260.25', '-10.00', '0.00', '110.00', '180.00', '0.00', '', 0),
(43706, NULL, 429, '2-88', '0.00', '263.25', '100.00', '0.00', '263.25', '-10.00', '0.00', '110.00', '180.00', '0.00', '', 0),
(43707, NULL, 429, '2-89', '0.00', '266.25', '100.00', '0.00', '266.25', '-10.00', '0.00', '110.00', '180.00', '0.00', '', 0),
(43708, NULL, 429, '2-90', '0.00', '269.25', '100.00', '0.00', '269.25', '-10.00', '0.00', '110.00', '180.00', '0.00', '', 0),
(43709, NULL, 429, '2-91', '0.00', '272.25', '100.00', '0.00', '272.25', '-10.00', '0.00', '110.00', '180.00', '0.00', '', 0),
(43710, NULL, 429, '2-92', '0.00', '275.25', '100.00', '0.00', '275.25', '-10.00', '0.00', '110.00', '180.00', '0.00', '', 0),
(43711, NULL, 429, '2-93', '0.00', '278.25', '100.00', '0.00', '278.25', '-10.00', '0.00', '110.00', '180.00', '0.00', '', 0),
(43712, NULL, 429, '2-94', '0.00', '281.25', '100.00', '0.00', '281.25', '-10.00', '0.00', '110.00', '180.00', '0.00', '', 0),
(43713, NULL, 429, '2-95', '0.00', '284.25', '100.00', '0.00', '284.25', '-10.00', '0.00', '110.00', '180.00', '0.00', '', 0),
(43714, NULL, 429, '2-96', '0.00', '287.25', '100.00', '0.00', '287.25', '-10.00', '0.00', '110.00', '180.00', '0.00', '', 0),
(43715, NULL, 429, '2-97', '0.00', '290.25', '100.00', '0.00', '290.25', '-10.00', '0.00', '110.00', '180.00', '0.00', '', 0),
(43716, NULL, 429, '2-98', '0.00', '293.25', '100.00', '0.00', '293.25', '-10.00', '0.00', '110.00', '180.00', '0.00', '', 0),
(43717, NULL, 429, '2-99', '0.00', '296.25', '100.00', '0.00', '296.25', '-10.00', '0.00', '110.00', '180.00', '0.00', '', 0),
(43718, NULL, 429, '2-100', '0.00', '299.25', '100.00', '0.00', '299.25', '-10.00', '0.00', '110.00', '180.00', '0.00', '', 0),
(43719, NULL, 429, '2-101', '0.00', '302.25', '100.00', '0.00', '302.25', '-10.00', '0.00', '110.00', '180.00', '0.00', '', 0);

-- --------------------------------------------------------

--
-- 表的结构 `design_site`
--

CREATE TABLE IF NOT EXISTS `design_site` (
  `id` int(11) NOT NULL AUTO_INCREMENT,
  `design_technology_id` int(11) DEFAULT NULL,
  `name` varchar(255) DEFAULT NULL,
  `w` decimal(8,2) DEFAULT NULL,
  `h` decimal(8,2) DEFAULT NULL,
  `x` decimal(8,2) DEFAULT NULL,
  `y` decimal(8,2) DEFAULT NULL,
  `z` decimal(8,2) DEFAULT NULL,
  `comment` varchar(255) DEFAULT NULL,
  PRIMARY KEY (`id`),
  KEY `fk_relationship_36` (`design_technology_id`)
) ENGINE=InnoDB  DEFAULT CHARSET=utf8 AUTO_INCREMENT=430 ;

--
-- 转存表中的数据 `design_site`
--

INSERT INTO `design_site` (`id`, `design_technology_id`, `name`, `w`, `h`, `x`, `y`, `z`, `comment`) VALUES
(427, 52, '1', '0.00', '0.00', '0.00', '0.00', '0.00', ''),
(428, 53, '1', '0.00', '0.00', '300.00', '100.00', '0.00', ''),
(429, 53, '1', '0.00', '0.00', '300.00', '100.00', '0.00', '');

-- --------------------------------------------------------

--
-- 表的结构 `design_technology`
--

CREATE TABLE IF NOT EXISTS `design_technology` (
  `id` int(11) NOT NULL AUTO_INCREMENT,
  `coal_id` int(11) DEFAULT NULL,
  `name` varchar(255) DEFAULT NULL,
  `region` int(11) DEFAULT NULL,
  `comment` varchar(255) DEFAULT NULL,
  PRIMARY KEY (`id`),
  KEY `fk_relationship_35` (`coal_id`)
) ENGINE=InnoDB  DEFAULT CHARSET=utf8 AUTO_INCREMENT=54 ;

--
-- 转存表中的数据 `design_technology`
--

INSERT INTO `design_technology` (`id`, `coal_id`, `name`, `region`, `comment`) VALUES
(52, 6, NULL, 1, NULL),
(53, 6, NULL, 2, NULL);

-- --------------------------------------------------------

--
-- 表的结构 `design_tunnel_control_point`
--

CREATE TABLE IF NOT EXISTS `design_tunnel_control_point` (
  `id` int(11) NOT NULL AUTO_INCREMENT,
  `design_eval_unit_partition_id` int(11) DEFAULT NULL,
  `name` varchar(255) DEFAULT NULL,
  `comment` varchar(255) DEFAULT NULL,
  `x` decimal(8,2) DEFAULT NULL,
  `y` decimal(8,2) DEFAULT NULL,
  `z` decimal(8,2) DEFAULT NULL,
  PRIMARY KEY (`id`),
  KEY `fk_relationship_40` (`design_eval_unit_partition_id`)
) ENGINE=InnoDB DEFAULT CHARSET=utf8 AUTO_INCREMENT=1 ;

-- --------------------------------------------------------

--
-- 表的结构 `design_work_surf_control_point`
--

CREATE TABLE IF NOT EXISTS `design_work_surf_control_point` (
  `id` int(11) NOT NULL AUTO_INCREMENT,
  `design_eval_unit_partition_id` int(11) DEFAULT NULL,
  `name` varchar(255) DEFAULT NULL,
  `comment` varchar(255) DEFAULT NULL,
  `x` decimal(8,2) DEFAULT NULL,
  `y` decimal(8,2) DEFAULT NULL,
  `z` decimal(8,2) DEFAULT NULL,
  PRIMARY KEY (`id`),
  KEY `fk_relationship_41` (`design_eval_unit_partition_id`)
) ENGINE=InnoDB DEFAULT CHARSET=utf8 AUTO_INCREMENT=1 ;

-- --------------------------------------------------------

--
-- 表的结构 `design_work_surf_technology`
--

CREATE TABLE IF NOT EXISTS `design_work_surf_technology` (
  `id` int(11) NOT NULL AUTO_INCREMENT,
  `design_technology_id` int(11) DEFAULT NULL,
  `name` varchar(255) DEFAULT NULL,
  `comment` varchar(255) DEFAULT NULL,
  `top_side` decimal(8,2) DEFAULT NULL,
  `bottom_side` decimal(8,2) DEFAULT NULL,
  `right_side` decimal(8,2) DEFAULT NULL,
  `l1` decimal(8,2) DEFAULT NULL,
  `w` decimal(8,2) DEFAULT NULL,
  `h` decimal(8,2) DEFAULT NULL,
  `l2` decimal(8,2) DEFAULT NULL,
  `left_side` decimal(8,2) DEFAULT NULL,
  `v_offset` decimal(8,2) DEFAULT NULL,
  `h_offset` decimal(8,2) DEFAULT NULL,
  `p_offset` decimal(8,2) DEFAULT NULL,
  `wd` decimal(8,2) DEFAULT NULL,
  `hd` decimal(8,2) DEFAULT NULL,
  `lm` decimal(8,2) DEFAULT NULL,
  `ws` decimal(8,2) DEFAULT NULL,
  `ls` decimal(8,2) DEFAULT NULL,
  `gs` decimal(8,2) DEFAULT NULL,
  `hs` decimal(8,2) DEFAULT NULL,
  `dp` decimal(8,2) DEFAULT NULL,
  `gp` decimal(8,2) DEFAULT NULL,
  `single_rock_tunnel` int(11) DEFAULT NULL,
  `d_offset` decimal(8,2) DEFAULT NULL,
  `pore_stubble` decimal(8,2) DEFAULT NULL,
  `pore_angle` decimal(8,2) DEFAULT NULL,
  `pore_type` int(11) DEFAULT NULL,
  `close_length` decimal(8,2) NOT NULL,
  PRIMARY KEY (`id`),
  KEY `fk_relationship_37` (`design_technology_id`)
) ENGINE=InnoDB  DEFAULT CHARSET=utf8 AUTO_INCREMENT=19 ;

--
-- 转存表中的数据 `design_work_surf_technology`
--

INSERT INTO `design_work_surf_technology` (`id`, `design_technology_id`, `name`, `comment`, `top_side`, `bottom_side`, `right_side`, `l1`, `w`, `h`, `l2`, `left_side`, `v_offset`, `h_offset`, `p_offset`, `wd`, `hd`, `lm`, `ws`, `ls`, `gs`, `hs`, `dp`, `gp`, `single_rock_tunnel`, `d_offset`, `pore_stubble`, `pore_angle`, `pore_type`, `close_length`) VALUES
(18, 53, '方案111', '', '15.00', '15.00', '15.00', '300.00', '3.00', '3.00', '200.00', '15.00', '10.00', '10.00', '10.00', '3.00', '3.00', '0.00', '3.00', '3.00', '30.00', '3.00', '120.00', '3.00', 1, '200.00', '10.00', '0.00', 1, '8.00');

-- --------------------------------------------------------

--
-- 表的结构 `drilling_radius_param`
--

CREATE TABLE IF NOT EXISTS `drilling_radius_param` (
  `id` int(11) NOT NULL AUTO_INCREMENT,
  `coal_id` int(11) DEFAULT NULL,
  `name` varchar(255) DEFAULT NULL,
  `r` decimal(8,2) DEFAULT NULL,
  `l` decimal(8,2) DEFAULT NULL,
  `k1` decimal(8,2) DEFAULT NULL,
  `rho` decimal(8,2) DEFAULT NULL,
  `q0` decimal(8,2) DEFAULT NULL,
  `a` decimal(8,2) DEFAULT NULL,
  `t` decimal(8,2) DEFAULT NULL,
  `qm` decimal(8,2) DEFAULT NULL,
  `qsum` decimal(8,2) DEFAULT NULL,
  `eta` decimal(8,2) DEFAULT NULL,
  `r0` decimal(8,2) DEFAULT NULL,
  `p0` decimal(8,2) DEFAULT NULL,
  `r1` decimal(8,2) DEFAULT NULL,
  `p1` decimal(8,2) NOT NULL,
  PRIMARY KEY (`id`),
  KEY `fk_relationship_12` (`coal_id`)
) ENGINE=InnoDB  DEFAULT CHARSET=utf8 AUTO_INCREMENT=2 ;

--
-- 转存表中的数据 `drilling_radius_param`
--

INSERT INTO `drilling_radius_param` (`id`, `coal_id`, `name`, `r`, `l`, `k1`, `rho`, `q0`, `a`, `t`, `qm`, `qsum`, `eta`, `r0`, `p0`, `r1`, `p1`) VALUES
(1, 6, '', '3.00', '10.00', '20.00', '2.40', '30.00', '0.30', '34.00', '0.00', '0.00', '67.00', '90.00', '0.10', '6.00', '10.00');

-- --------------------------------------------------------

--
-- 表的结构 `drilling_surf`
--

CREATE TABLE IF NOT EXISTS `drilling_surf` (
  `id` int(11) NOT NULL AUTO_INCREMENT,
  `work_area_id` int(11) DEFAULT NULL,
  `tunnel_id` int(11) DEFAULT NULL,
  `name` varchar(255) DEFAULT NULL,
  `qr` decimal(8,2) DEFAULT NULL,
  `qa` decimal(8,2) DEFAULT NULL,
  `fore_qr` decimal(8,2) DEFAULT NULL,
  `fore_qa` decimal(8,2) DEFAULT NULL,
  `q4` decimal(8,2) DEFAULT NULL,
  `comment` varchar(255) DEFAULT NULL,
  PRIMARY KEY (`id`),
  KEY `fk_relationship_22` (`tunnel_id`),
  KEY `fk_relationship_27` (`work_area_id`)
) ENGINE=InnoDB  DEFAULT CHARSET=utf8 AUTO_INCREMENT=5 ;

--
-- 转存表中的数据 `drilling_surf`
--

INSERT INTO `drilling_surf` (`id`, `work_area_id`, `tunnel_id`, `name`, `qr`, `qa`, `fore_qr`, `fore_qa`, `q4`, `comment`) VALUES
(1, 5, 2, 'D121', '0.00', '11.50', '0.00', '0.00', '0.00', ''),
(2, 5, NULL, 'D125', '0.00', '6.90', '0.00', '0.00', '0.00', ''),
(4, 6, 3, 'jjjj', '0.00', '1.00', '0.00', '0.00', '1.00', '');

-- --------------------------------------------------------

--
-- 表的结构 `high_drilling_pore`
--

CREATE TABLE IF NOT EXISTS `high_drilling_pore` (
  `id` int(11) NOT NULL AUTO_INCREMENT,
  `high_drilling_pore_param_id` int(11) DEFAULT NULL,
  `num` int(11) DEFAULT NULL,
  `length` decimal(8,2) DEFAULT NULL,
  `angle` decimal(8,2) DEFAULT NULL,
  `pore_type` int(11) DEFAULT NULL,
  `comment` varchar(255) DEFAULT NULL,
  PRIMARY KEY (`id`),
  KEY `fk_relationship_34` (`high_drilling_pore_param_id`)
) ENGINE=InnoDB  DEFAULT CHARSET=utf8 AUTO_INCREMENT=41 ;

--
-- 转存表中的数据 `high_drilling_pore`
--

INSERT INTO `high_drilling_pore` (`id`, `high_drilling_pore_param_id`, `num`, `length`, `angle`, `pore_type`, `comment`) VALUES
(1, 1, 1, '30.60', '0.00', NULL, NULL),
(2, 1, 2, '30.70', '0.10', NULL, NULL),
(3, 1, 3, '30.70', '0.10', NULL, NULL),
(4, 1, 4, '30.90', '0.10', NULL, NULL),
(5, 1, 5, '31.00', '0.20', NULL, NULL),
(6, 1, 6, '31.20', '0.20', NULL, NULL),
(7, 1, 7, '31.40', '0.20', NULL, NULL),
(8, 1, 8, '31.70', '0.30', NULL, NULL),
(9, 1, 9, '32.00', '0.30', NULL, NULL),
(10, 1, 10, '32.30', '0.30', NULL, NULL),
(11, 1, 11, '32.70', '0.40', NULL, NULL),
(12, 1, 12, '33.10', '0.40', NULL, NULL),
(13, 1, 13, '33.60', '0.40', NULL, NULL),
(14, 1, 14, '34.10', '0.50', NULL, NULL),
(15, 1, 15, '34.70', '0.50', NULL, NULL),
(16, 1, 16, '35.40', '0.50', NULL, NULL),
(17, 1, 17, '36.10', '0.60', NULL, NULL),
(18, 1, 18, '36.80', '0.60', NULL, NULL),
(19, 1, 19, '37.70', '0.60', NULL, NULL),
(20, 1, 20, '38.60', '0.70', NULL, NULL),
(21, 1, 21, '39.60', '0.70', NULL, NULL),
(22, 1, 22, '40.70', '0.70', NULL, NULL),
(23, 1, 23, '42.00', '0.80', NULL, NULL),
(24, 1, 24, '43.30', '0.80', NULL, NULL),
(25, 1, 25, '177.90', '0.80', NULL, NULL),
(26, 1, 26, '172.70', '0.90', NULL, NULL),
(27, 1, 27, '168.00', '0.90', NULL, NULL),
(28, 1, 28, '163.70', '0.90', NULL, NULL),
(29, 1, 29, '159.80', '1.00', NULL, NULL),
(30, 1, 30, '156.20', '1.00', NULL, NULL),
(31, 1, 31, '152.90', '1.00', NULL, NULL),
(32, 1, 32, '150.00', '1.00', NULL, NULL),
(33, 1, 33, '147.30', '1.10', NULL, NULL),
(34, 1, 34, '144.80', '1.10', NULL, NULL),
(35, 1, 35, '142.60', '1.10', NULL, NULL),
(36, 1, 36, '140.60', '1.20', NULL, NULL),
(37, 1, 37, '138.80', '1.20', NULL, NULL),
(38, 1, 38, '137.20', '1.20', NULL, NULL),
(39, 1, 39, '135.80', '1.30', NULL, NULL),
(40, 1, 40, '134.50', '1.30', NULL, NULL);

-- --------------------------------------------------------

--
-- 表的结构 `high_drilling_pore_param`
--

CREATE TABLE IF NOT EXISTS `high_drilling_pore_param` (
  `id` int(11) NOT NULL AUTO_INCREMENT,
  `work_surf_id` int(11) DEFAULT NULL,
  `name` varchar(255) DEFAULT NULL,
  `lk` decimal(8,2) DEFAULT NULL,
  `lc` decimal(8,2) DEFAULT NULL,
  `lw` decimal(8,2) DEFAULT NULL,
  `n1` int(11) DEFAULT NULL,
  `n2` int(11) DEFAULT NULL,
  `beta` decimal(8,2) DEFAULT NULL,
  `ld` decimal(8,2) DEFAULT NULL,
  `comment` varchar(255) DEFAULT NULL,
  PRIMARY KEY (`id`),
  KEY `fk_relationship_33` (`work_surf_id`)
) ENGINE=InnoDB  DEFAULT CHARSET=utf8 AUTO_INCREMENT=2 ;

--
-- 转存表中的数据 `high_drilling_pore_param`
--

INSERT INTO `high_drilling_pore_param` (`id`, `work_surf_id`, `name`, `lk`, `lc`, `lw`, `n1`, `n2`, `beta`, `ld`, `comment`) VALUES
(1, 1, '', '30.60', '30.00', '186.00', 24, 16, '77.00', '130.00', '');

-- --------------------------------------------------------

--
-- 表的结构 `high_drilling_site_param`
--

CREATE TABLE IF NOT EXISTS `high_drilling_site_param` (
  `id` int(11) NOT NULL AUTO_INCREMENT,
  `work_surf_id` int(11) DEFAULT NULL,
  `name` varchar(255) DEFAULT NULL,
  `l1` decimal(8,2) DEFAULT NULL,
  `l2` decimal(8,2) DEFAULT NULL,
  `lg` decimal(8,2) DEFAULT NULL,
  `hn` decimal(8,2) DEFAULT NULL,
  `theta` decimal(8,2) DEFAULT NULL,
  `q` decimal(8,2) DEFAULT NULL,
  `rtn` decimal(8,2) DEFAULT NULL,
  `hs` decimal(8,2) DEFAULT NULL,
  `comment` varchar(255) DEFAULT NULL,
  PRIMARY KEY (`id`),
  KEY `fk_relationship_11` (`work_surf_id`)
) ENGINE=InnoDB  DEFAULT CHARSET=utf8 AUTO_INCREMENT=2 ;

--
-- 转存表中的数据 `high_drilling_site_param`
--

INSERT INTO `high_drilling_site_param` (`id`, `work_surf_id`, `name`, `l1`, `l2`, `lg`, `hn`, `theta`, `q`, `rtn`, `hs`, `comment`) VALUES
(1, 1, '', '227.90', '0.60', '0.60', '3.00', '10.00', '145.60', '8.30', '20.00', '');

-- --------------------------------------------------------

--
-- 表的结构 `high_drilling_tunnel`
--

CREATE TABLE IF NOT EXISTS `high_drilling_tunnel` (
  `id` int(11) NOT NULL AUTO_INCREMENT,
  `work_surf_id` int(11) DEFAULT NULL,
  `name` varchar(255) DEFAULT NULL,
  `k` decimal(8,2) DEFAULT NULL,
  `rock` int(11) DEFAULT NULL,
  `hz_min` decimal(8,2) DEFAULT NULL,
  `hz_max` decimal(8,2) DEFAULT NULL,
  `comment` varchar(255) DEFAULT NULL,
  PRIMARY KEY (`id`),
  KEY `fk_relationship_5` (`work_surf_id`)
) ENGINE=InnoDB  DEFAULT CHARSET=utf8 AUTO_INCREMENT=4 ;

--
-- 转存表中的数据 `high_drilling_tunnel`
--

INSERT INTO `high_drilling_tunnel` (`id`, `work_surf_id`, `name`, `k`, `rock`, `hz_min`, `hz_max`, `comment`) VALUES
(2, 1, '', '1.30', 3, '20.10', '30.40', ''),
(3, 3, NULL, '2.50', 3, '4.00', '30.40', NULL);

-- --------------------------------------------------------

--
-- 表的结构 `hydr_geo`
--

CREATE TABLE IF NOT EXISTS `hydr_geo` (
  `id` int(11) NOT NULL,
  `name` varchar(20) DEFAULT NULL,
  `x1` int(11) DEFAULT NULL,
  `x2` int(11) DEFAULT NULL,
  `x3` int(11) DEFAULT NULL,
  `x4` decimal(8,2) DEFAULT NULL,
  `x5` decimal(8,2) DEFAULT NULL,
  `x6` decimal(8,2) DEFAULT NULL,
  `x7` decimal(8,2) DEFAULT NULL,
  `x8` varchar(255) DEFAULT NULL,
  PRIMARY KEY (`id`)
) ENGINE=InnoDB DEFAULT CHARSET=utf8;

-- --------------------------------------------------------

--
-- 表的结构 `mine`
--

CREATE TABLE IF NOT EXISTS `mine` (
  `id` int(11) NOT NULL AUTO_INCREMENT,
  `tech_mode_id` int(11) DEFAULT NULL,
  `mine_region_id` int(11) DEFAULT NULL,
  `account_id` int(11) DEFAULT NULL,
  `name` varchar(255) DEFAULT NULL,
  `province` varchar(20) DEFAULT NULL,
  `city` varchar(20) DEFAULT NULL,
  `capacity` decimal(8,2) DEFAULT NULL,
  `topo_geo` int(11) DEFAULT NULL,
  `hydr_geo` int(11) DEFAULT NULL,
  `ground_condition` int(11) DEFAULT NULL,
  `qr` decimal(8,2) DEFAULT NULL,
  `qa` decimal(8,2) DEFAULT NULL,
  `fore_qr` decimal(8,2) DEFAULT NULL,
  `fore_qa` decimal(8,2) DEFAULT NULL,
  `gas_k1` decimal(8,2) DEFAULT NULL,
  `gas_k2` decimal(8,2) DEFAULT NULL,
  `stereo_schem_diagram` varchar(255) DEFAULT NULL,
  `rock_gas_k2` decimal(8,2) DEFAULT NULL,
  `reserve_w1` decimal(8,2) DEFAULT NULL,
  `reserve_w2` decimal(8,2) DEFAULT NULL,
  `reserve_w3` decimal(8,2) DEFAULT NULL,
  `gas_w0` decimal(8,2) DEFAULT NULL,
  `gas_wc2` decimal(8,2) DEFAULT NULL,
  `pump_k2` decimal(8,2) DEFAULT NULL,
  `pump_k3` decimal(8,2) DEFAULT NULL,
  `pump_k4` decimal(8,2) DEFAULT NULL,
  `pump_k1` decimal(8,2) DEFAULT NULL,
  `pump_k` decimal(8,2) DEFAULT NULL,
  `pump_wc` decimal(8,2) DEFAULT NULL,
  `reserve_gas` decimal(8,2) DEFAULT NULL,
  `comment` varchar(255) DEFAULT NULL,
  `protect_layer_condition` int(11) DEFAULT NULL,
  PRIMARY KEY (`id`),
  KEY `fk_relationship_19` (`mine_region_id`),
  KEY `fk_relationship_28` (`account_id`),
  KEY `fk_relationship_30` (`tech_mode_id`)
) ENGINE=InnoDB  DEFAULT CHARSET=utf8 COMMENT='账户管理数据表（包括矿井的基本信息）' AUTO_INCREMENT=11 ;

--
-- 转存表中的数据 `mine`
--

INSERT INTO `mine` (`id`, `tech_mode_id`, `mine_region_id`, `account_id`, `name`, `province`, `city`, `capacity`, `topo_geo`, `hydr_geo`, `ground_condition`, `qr`, `qa`, `fore_qr`, `fore_qa`, `gas_k1`, `gas_k2`, `stereo_schem_diagram`, `rock_gas_k2`, `reserve_w1`, `reserve_w2`, `reserve_w3`, `gas_w0`, `gas_wc2`, `pump_k2`, `pump_k3`, `pump_k4`, `pump_k1`, `pump_k`, `pump_wc`, `reserve_gas`, `comment`, `protect_layer_condition`) VALUES
(1, NULL, 31, 1, '示范矿区矿井-晋城', '山西', '晋城', '0.00', 1, 3, 1, '0.00', '0.00', '0.00', '0.00', '0.00', '0.00', '', '0.00', '0.00', '0.00', '0.00', '0.00', '0.00', '0.00', '0.00', '0.00', '0.00', '0.00', '0.00', '0.00', '', NULL),
(2, NULL, 51, 1, '示范矿区矿井-两淮', '', '', '0.00', 0, 0, 0, '0.00', '0.00', '0.00', '0.00', '0.00', '0.00', '', '0.00', '0.00', '0.00', '0.00', '0.00', '0.00', '0.00', '0.00', '0.00', '0.00', '0.00', '0.00', '0.00', '', 0),
(3, NULL, 76, 1, '示范矿区矿井-松藻', NULL, NULL, NULL, NULL, NULL, NULL, NULL, NULL, NULL, NULL, NULL, NULL, NULL, NULL, NULL, NULL, NULL, NULL, NULL, NULL, NULL, NULL, NULL, NULL, NULL, NULL, NULL, NULL),
(4, NULL, 44, 2, '小青', '辽宁', '铁法', '12.00', 1, 3, 1, '0.00', '0.00', '0.00', '0.00', '1.25', '1.16', '', '200.00', '100.00', '200.00', '500.00', '12.00', '5.00', '1.00', '0.50', '6.00', '3.50', '1.75', '1400.00', '800.00', '', 1),
(7, NULL, 44, 26, '铁法矿井', '辽宁', '铁法', NULL, NULL, NULL, NULL, NULL, NULL, NULL, NULL, NULL, NULL, NULL, NULL, NULL, NULL, NULL, NULL, NULL, NULL, NULL, NULL, NULL, NULL, NULL, NULL, NULL, NULL),
(8, NULL, 43, 27, '盘山楼矿', '辽宁', '阜新', NULL, NULL, NULL, NULL, NULL, NULL, NULL, NULL, NULL, NULL, NULL, NULL, NULL, NULL, NULL, NULL, NULL, NULL, NULL, NULL, NULL, NULL, NULL, NULL, NULL, NULL),
(9, NULL, 31, 28, '寺河矿', '山西', '晋城', NULL, NULL, NULL, NULL, NULL, NULL, NULL, NULL, NULL, NULL, NULL, NULL, NULL, NULL, NULL, NULL, NULL, NULL, NULL, NULL, NULL, NULL, NULL, NULL, NULL, NULL),
(10, NULL, 1, 29, '1', 'ss', 'ss', NULL, NULL, NULL, NULL, NULL, NULL, NULL, NULL, NULL, NULL, NULL, NULL, NULL, NULL, NULL, NULL, NULL, NULL, NULL, NULL, NULL, NULL, NULL, NULL, NULL, NULL);

-- --------------------------------------------------------

--
-- 表的结构 `mine_base`
--

CREATE TABLE IF NOT EXISTS `mine_base` (
  `id` int(11) NOT NULL,
  `name` varchar(50) DEFAULT NULL,
  `comment` varchar(255) DEFAULT NULL,
  PRIMARY KEY (`id`)
) ENGINE=InnoDB DEFAULT CHARSET=utf8 COMMENT='这个只是一个帮助下拉列表，类似于省市县这种3联动菜单，见文档的P8 3.1';

--
-- 转存表中的数据 `mine_base`
--

INSERT INTO `mine_base` (`id`, `name`, `comment`) VALUES
(1, '神东基地', NULL),
(2, '陕北基地', NULL),
(3, '黄陇基地', NULL),
(4, '晋北基地', NULL),
(5, '晋中基地', NULL),
(6, '晋东基地', NULL),
(7, '蒙东(东北)基地', NULL),
(8, '两淮基地', NULL),
(9, '鲁西基地', NULL),
(10, '河南基地', NULL),
(11, '冀中基地', NULL),
(12, '云贵基地', NULL),
(13, '宁东基地', NULL),
(14, '新疆基地', NULL);

-- --------------------------------------------------------

--
-- 表的结构 `mine_region`
--

CREATE TABLE IF NOT EXISTS `mine_region` (
  `id` int(11) NOT NULL,
  `mine_base_id` int(11) DEFAULT NULL,
  `name` varchar(20) DEFAULT NULL,
  `comment` varchar(255) DEFAULT NULL,
  PRIMARY KEY (`id`),
  KEY `fk_relationship_23` (`mine_base_id`)
) ENGINE=InnoDB DEFAULT CHARSET=utf8;

--
-- 转存表中的数据 `mine_region`
--

INSERT INTO `mine_region` (`id`, `mine_base_id`, `name`, `comment`) VALUES
(1, 1, '神东', NULL),
(2, 1, '万利', NULL),
(3, 1, '准格尔', NULL),
(4, 1, '包头', NULL),
(5, 1, '乌海', NULL),
(6, 1, '府谷', NULL),
(7, 2, '榆神', NULL),
(8, 2, '榆横', NULL),
(9, 3, '彬长(含永陇)', NULL),
(10, 3, '黄陵', NULL),
(11, 3, '旬耀', NULL),
(12, 3, '铜川', NULL),
(13, 3, '蒲白', NULL),
(14, 3, '澄合', NULL),
(15, 3, '韩城', NULL),
(16, 3, '华亭', NULL),
(17, 4, '大同', NULL),
(18, 4, '平朔', NULL),
(19, 4, '朔南', NULL),
(20, 4, '轩岗', NULL),
(21, 4, '河保偏', NULL),
(22, 4, '岚县', NULL),
(23, 5, '西山', NULL),
(24, 5, '东山', NULL),
(25, 5, '汾西', NULL),
(26, 5, '霍州', NULL),
(27, 5, '离柳', NULL),
(28, 5, '乡宁', NULL),
(29, 5, '霍东', NULL),
(30, 5, '石隰', NULL),
(31, 6, '晋城', NULL),
(32, 6, '潞安', NULL),
(33, 6, '阳泉', NULL),
(34, 6, '武夏', NULL),
(35, 7, '扎赉诺尔', NULL),
(36, 7, '宝日希勒', NULL),
(37, 7, '伊敏', NULL),
(38, 7, '大雁', NULL),
(39, 7, '霍林河', NULL),
(40, 7, '平庄', NULL),
(41, 7, '白音华', NULL),
(42, 7, '胜利', NULL),
(43, 7, '阜新', NULL),
(44, 7, '铁法', NULL),
(45, 7, '沈阳', NULL),
(46, 7, '抚顺', NULL),
(47, 7, '鸡西', NULL),
(48, 7, '七台河', NULL),
(49, 7, '双鸭山', NULL),
(50, 7, '鹤岗', NULL),
(51, 8, '两淮', NULL),
(52, 9, '兖州', NULL),
(53, 9, '济宁', NULL),
(54, 9, '新汶', NULL),
(55, 9, '枣滕', NULL),
(56, 9, '龙口', NULL),
(57, 9, '淄博', NULL),
(58, 9, '肥城', NULL),
(59, 9, '巨野', NULL),
(60, 9, '黄河北', NULL),
(61, 10, '鹤壁', NULL),
(62, 10, '焦作', NULL),
(63, 10, '义马', NULL),
(64, 10, '郑州', NULL),
(65, 10, '平顶山', NULL),
(66, 10, '永夏', NULL),
(67, 11, '峰峰', NULL),
(68, 11, '邯郸', NULL),
(69, 11, '邢台', NULL),
(70, 11, '井陉', NULL),
(71, 11, '开滦', NULL),
(72, 11, '蔚县', NULL),
(73, 11, '宣化下花园', NULL),
(74, 11, '张家口北部', NULL),
(75, 11, '平原大型煤田', NULL),
(76, 12, '松藻', NULL),
(77, 12, '盘县', NULL),
(78, 12, '普兴', NULL),
(79, 12, '水城', NULL),
(80, 12, '六枝', NULL),
(81, 12, '织纳', NULL),
(82, 12, '黔北', NULL),
(83, 12, '老厂', NULL),
(84, 12, '小龙潭', NULL),
(85, 12, '昭通', NULL),
(86, 12, '镇雄', NULL),
(87, 12, '恩洪', NULL),
(88, 12, '筠连', NULL),
(89, 12, '古叙', NULL),
(90, 13, '石嘴山', NULL),
(91, 13, '石炭笋', NULL),
(92, 13, '灵武', NULL),
(93, 13, '鸳鸯湖', NULL),
(94, 13, '横城', NULL),
(95, 13, '韦州', NULL),
(96, 13, '马家滩', NULL),
(97, 14, '吐哈', NULL),
(98, 14, '准噶尔', NULL),
(99, 14, '伊犁', NULL),
(100, 14, '库拜', NULL);

-- --------------------------------------------------------

--
-- 表的结构 `pore_flow`
--

CREATE TABLE IF NOT EXISTS `pore_flow` (
  `id` int(11) NOT NULL AUTO_INCREMENT,
  `name` varchar(255) DEFAULT NULL,
  `t` decimal(8,2) DEFAULT NULL,
  `a0` decimal(8,2) DEFAULT NULL,
  `d` decimal(8,2) DEFAULT NULL,
  `d1` decimal(8,2) DEFAULT NULL,
  `m` decimal(8,2) DEFAULT NULL,
  `k` decimal(8,2) DEFAULT NULL,
  `delta_t` decimal(8,2) DEFAULT NULL,
  `x` decimal(8,2) DEFAULT NULL,
  `p_test` decimal(8,2) DEFAULT NULL,
  `p_cur` decimal(8,2) DEFAULT NULL,
  `b` decimal(8,2) DEFAULT NULL,
  `pt` decimal(8,2) DEFAULT NULL,
  `delta_p` decimal(8,2) DEFAULT NULL,
  `dh` decimal(8,2) DEFAULT NULL,
  `q_hun` decimal(8,2) DEFAULT NULL,
  `q_chun` decimal(8,2) DEFAULT NULL,
  PRIMARY KEY (`id`)
) ENGINE=InnoDB  DEFAULT CHARSET=utf8 AUTO_INCREMENT=3 ;

--
-- 转存表中的数据 `pore_flow`
--

INSERT INTO `pore_flow` (`id`, `name`, `t`, `a0`, `d`, `d1`, `m`, `k`, `delta_t`, `x`, `p_test`, `p_cur`, `b`, `pt`, `delta_p`, `dh`, `q_hun`, `q_chun`) VALUES
(2, '', '50.00', '2.00', '2.00', '3.00', '0.00', '3415.70', '0.90', '1.50', '0.00', '0.00', '1.00', '0.00', '0.30', '100.00', '9222.40', '13833.60');

-- --------------------------------------------------------

--
-- 表的结构 `pore_size`
--

CREATE TABLE IF NOT EXISTS `pore_size` (
  `id` int(11) NOT NULL AUTO_INCREMENT,
  `name` varchar(255) DEFAULT NULL,
  `q` decimal(8,2) DEFAULT NULL,
  `v` decimal(8,2) DEFAULT NULL,
  `d` decimal(8,2) DEFAULT NULL,
  `p` decimal(8,2) DEFAULT NULL,
  `sigma` decimal(8,2) DEFAULT NULL,
  `delta` decimal(8,2) DEFAULT NULL,
  `comment` varchar(255) DEFAULT NULL,
  PRIMARY KEY (`id`)
) ENGINE=InnoDB  DEFAULT CHARSET=utf8 AUTO_INCREMENT=2 ;

--
-- 转存表中的数据 `pore_size`
--

INSERT INTO `pore_size` (`id`, `name`, `q`, `v`, `d`, `p`, `sigma`, `delta`, `comment`) VALUES
(1, '', '1.00', '1.00', '0.10', '1.00', '1.00', '0.10', '');

-- --------------------------------------------------------

--
-- 表的结构 `res_abundance`
--

CREATE TABLE IF NOT EXISTS `res_abundance` (
  `id` int(11) NOT NULL,
  `name` varchar(20) DEFAULT NULL,
  `min_abundance` decimal(8,2) DEFAULT NULL,
  `max_abundance` decimal(8,2) DEFAULT NULL,
  PRIMARY KEY (`id`)
) ENGINE=InnoDB DEFAULT CHARSET=utf8;

--
-- 转存表中的数据 `res_abundance`
--

INSERT INTO `res_abundance` (`id`, `name`, `min_abundance`, `max_abundance`) VALUES
(1, '高', '3.00', '3.00'),
(2, '中', '0.50', '0.50'),
(3, '低', '-1.00', '-1.00');

-- --------------------------------------------------------

--
-- 表的结构 `rock`
--

CREATE TABLE IF NOT EXISTS `rock` (
  `id` int(11) NOT NULL,
  `name` varchar(50) DEFAULT NULL,
  `a` decimal(3,1) DEFAULT NULL,
  `b` decimal(3,1) DEFAULT NULL,
  `c` decimal(3,1) DEFAULT NULL,
  `comment` varchar(255) DEFAULT NULL,
  PRIMARY KEY (`id`)
) ENGINE=InnoDB DEFAULT CHARSET=utf8;

--
-- 转存表中的数据 `rock`
--

INSERT INTO `rock` (`id`, `name`, `a`, `b`, `c`, `comment`) VALUES
(1, '坚硬岩石', '1.2', '2.0', '2.0', NULL),
(2, '中硬岩石', '1.6', '3.6', '3.6', NULL),
(3, '软弱岩石', '3.1', '5.0', '5.0', NULL),
(4, '极软弱岩石', '5.0', '8.0', '8.0', NULL);

-- --------------------------------------------------------

--
-- 表的结构 `sys_info`
--

CREATE TABLE IF NOT EXISTS `sys_info` (
  `id` int(11) NOT NULL AUTO_INCREMENT,
  `account_id` int(11) DEFAULT NULL,
  `last_login_time` varchar(255) DEFAULT NULL,
  `comment` varchar(255) DEFAULT NULL,
  PRIMARY KEY (`id`),
  KEY `fk_relationship_29` (`account_id`)
) ENGINE=InnoDB  DEFAULT CHARSET=utf8 COMMENT='记录当前的一些信息，比如当前用户' AUTO_INCREMENT=42 ;

-- --------------------------------------------------------

--
-- 表的结构 `technology`
--

CREATE TABLE IF NOT EXISTS `technology` (
  `id` int(11) NOT NULL,
  `mine_region_id` int(11) DEFAULT NULL,
  `name` varchar(255) DEFAULT NULL,
  `iskey` int(11) DEFAULT NULL,
  `doc` varchar(255) DEFAULT NULL,
  `video` varchar(255) DEFAULT NULL,
  `comment` varchar(255) DEFAULT NULL,
  PRIMARY KEY (`id`),
  KEY `fk_relationship_24` (`mine_region_id`)
) ENGINE=InnoDB DEFAULT CHARSET=utf8;

--
-- 转存表中的数据 `technology`
--

INSERT INTO `technology` (`id`, `mine_region_id`, `name`, `iskey`, `doc`, `video`, `comment`) VALUES
(1, 31, '定向长钻孔条带预抽技术', 0, NULL, NULL, NULL),
(2, 31, '定向顺层羽状分支孔抽采技术', 0, NULL, NULL, NULL),
(3, 31, '近距离顶板梳状钻孔抽采技术', 0, NULL, NULL, NULL),
(4, 31, '远距离顶板梳状钻孔抽采技术', 0, NULL, NULL, NULL),
(5, 31, '近距离底板梳状钻孔抽采技术', 0, NULL, NULL, NULL),
(6, 31, '区域递进式模块化抽采', 0, NULL, NULL, NULL),
(7, 31, '采空区煤层气抽采技术', 0, NULL, NULL, NULL),
(8, 31, '中硬煤层顺煤层井下长钻孔钻进工艺', 1, NULL, NULL, NULL),
(9, 31, '软硬复合破碎煤层顺煤层抽采技术工艺', 1, NULL, NULL, NULL),
(10, 76, '专用瓦斯抽采巷穿层钻孔预抽煤层气技术', 0, NULL, NULL, NULL),
(11, 76, '本煤层顺层钻孔抽采煤层气技术', 0, NULL, NULL, NULL),
(12, 76, '专用瓦斯抽采巷穿层抽采卸压煤层气技术', 0, NULL, NULL, NULL),
(13, 76, '石门揭煤穿层钻孔压裂高效抽采技术', 0, NULL, NULL, NULL),
(14, 76, '采空区煤层气抽采技术', 0, NULL, NULL, NULL),
(15, 76, '高压水力压裂增透抽采技术', 1, NULL, NULL, NULL),
(16, 76, '松软突出煤层顺层孔连续套管护孔技术', 1, NULL, NULL, NULL),
(17, 51, '底板岩巷穿层条带预抽', 0, NULL, NULL, NULL),
(18, 51, '本煤层顺层钻孔抽采', 0, NULL, NULL, NULL),
(19, 51, '底板岩巷大面积抽采卸压瓦斯', 0, NULL, NULL, NULL),
(20, 51, '顶板高抽巷抽采卸压瓦斯技术', 0, NULL, NULL, NULL),
(21, 51, '顶板走向高位钻孔抽采煤层气技术', 0, NULL, NULL, NULL),
(22, 51, '石门揭煤钻扩增透高效抽采技术', 0, NULL, NULL, NULL),
(23, 51, '“一面三巷、一巷多用、联合治理、连续开采”的煤层气立体抽采模式', 0, NULL, NULL, NULL),
(24, 51, '采空区煤层气抽采技术', 0, NULL, NULL, NULL),
(25, 51, '沿空留巷快速充填及防断孔技术', 1, NULL, NULL, NULL),
(26, 51, '松软煤层钻进技术', 1, NULL, NULL, NULL),
(27, 51, '高压水射流割缝增透抽采技术', 1, NULL, NULL, NULL),
(28, 51, '全程护孔下筛管护孔技术', 1, NULL, NULL, NULL),
(29, 51, '掏穴钻孔增透技术', 1, NULL, NULL, NULL);

-- --------------------------------------------------------

--
-- 表的结构 `tech_mode`
--

CREATE TABLE IF NOT EXISTS `tech_mode` (
  `id` int(11) NOT NULL,
  `mine_region_id` int(11) DEFAULT NULL,
  `name` varchar(255) DEFAULT NULL,
  `mode_type` int(11) DEFAULT NULL,
  `c1` int(11) DEFAULT NULL,
  `c2` int(11) DEFAULT NULL,
  `c3` int(11) DEFAULT NULL,
  `comment` varchar(255) DEFAULT NULL,
  PRIMARY KEY (`id`),
  KEY `fk_relationship_25` (`mine_region_id`)
) ENGINE=InnoDB DEFAULT CHARSET=utf8;

--
-- 转存表中的数据 `tech_mode`
--

INSERT INTO `tech_mode` (`id`, `mine_region_id`, `name`, `mode_type`, `c1`, `c2`, `c3`, `comment`) VALUES
(1, 31, '中高渗单一煤层条件井下规模化抽采技术模式', NULL, 0, 0, 0, NULL),
(2, 31, '中高渗煤层群条件井下规模化抽采技术模式', NULL, 0, 1, 0, NULL),
(3, 76, '低渗近距离煤层群上保护层开采条件井下规模化抽采技术模式', NULL, 1, 1, 1, NULL),
(4, 51, '低渗中远距离煤层群下保护层开采条件井下规模化抽采技术模式', NULL, 1, 1, 0, NULL),
(5, 51, '低渗单一煤层条件井下规模化抽采技术模式', NULL, 1, 0, 0, NULL);

-- --------------------------------------------------------

--
-- 表的结构 `topo_geo`
--

CREATE TABLE IF NOT EXISTS `topo_geo` (
  `id` int(11) NOT NULL,
  `name` varchar(20) DEFAULT NULL,
  `feature` varchar(255) DEFAULT NULL,
  `comment` varchar(255) DEFAULT NULL,
  PRIMARY KEY (`id`)
) ENGINE=InnoDB DEFAULT CHARSET=utf8;

--
-- 转存表中的数据 `topo_geo`
--

INSERT INTO `topo_geo` (`id`, `name`, `feature`, `comment`) VALUES
(1, '简单', '高丘陵（相对高差100-200m），低丘陵（相对高差<1km），坡面坡度一般<15°', NULL),
(2, '中等', '中山（海拔高度1km-3.5km），低山（海拔高度<1km），山地起伏高度一般200-500m，坡面坡度一般>15°-25°', NULL),
(3, '复杂', '极高山（海拔高度>5km），高山（海拔高度3.5km-5km），山地起伏高度一般>500m，坡面坡度一般>25°', NULL);

-- --------------------------------------------------------

--
-- 表的结构 `tunnel`
--

CREATE TABLE IF NOT EXISTS `tunnel` (
  `id` int(11) NOT NULL AUTO_INCREMENT,
  `name` varchar(255) DEFAULT NULL,
  `b` decimal(8,2) DEFAULT NULL,
  `h` decimal(8,2) DEFAULT NULL,
  `l` decimal(8,2) DEFAULT NULL,
  `s` decimal(8,2) DEFAULT NULL,
  `d` decimal(8,2) DEFAULT NULL,
  `wh` decimal(8,2) DEFAULT NULL,
  `v` decimal(8,2) DEFAULT NULL,
  `q3` decimal(8,2) DEFAULT NULL,
  `q0` decimal(8,2) DEFAULT NULL,
  `comment` varchar(255) DEFAULT NULL,
  `tunnel_type` int(11) DEFAULT NULL,
  `top_side` decimal(8,2) DEFAULT NULL,
  `bottom_side` decimal(8,2) DEFAULT NULL,
  `left_side` decimal(8,2) DEFAULT NULL,
  `right_side` decimal(8,2) DEFAULT NULL,
  `x1` decimal(8,2) DEFAULT NULL,
  `y1` decimal(8,2) DEFAULT NULL,
  `z1` decimal(8,2) DEFAULT NULL,
  `x2` decimal(8,2) DEFAULT NULL,
  `y2` decimal(8,2) DEFAULT NULL,
  `z2` decimal(8,2) DEFAULT NULL,
  PRIMARY KEY (`id`)
) ENGINE=InnoDB  DEFAULT CHARSET=utf8 COMMENT='所有的巷道列表' AUTO_INCREMENT=4 ;

--
-- 转存表中的数据 `tunnel`
--

INSERT INTO `tunnel` (`id`, `name`, `b`, `h`, `l`, `s`, `d`, `wh`, `v`, `q3`, `q0`, `comment`, `tunnel_type`, `top_side`, `bottom_side`, `left_side`, `right_side`, `x1`, `y1`, `z1`, `x2`, `y2`, `z2`) VALUES
(1, NULL, NULL, NULL, NULL, NULL, NULL, NULL, NULL, NULL, NULL, NULL, NULL, NULL, NULL, NULL, NULL, NULL, NULL, NULL, NULL, NULL, NULL),
(2, '', '0.00', '0.00', '1.00', '1.00', '1.00', '0.00', '1.00', '0.00', '0.00', '', 0, '0.00', '0.00', '0.00', '0.00', '0.00', '0.00', '0.00', '0.00', '0.00', '0.00'),
(3, '', '0.00', '0.00', '1.00', '1.00', '1.00', '0.00', '1.00', '1.00', '1.00', '', 0, '0.00', '0.00', '0.00', '0.00', '0.00', '0.00', '0.00', '0.00', '0.00', '0.00');

-- --------------------------------------------------------

--
-- 表的结构 `work_area`
--

CREATE TABLE IF NOT EXISTS `work_area` (
  `id` int(11) NOT NULL AUTO_INCREMENT,
  `coal_id` int(11) DEFAULT NULL,
  `name` varchar(255) DEFAULT NULL,
  `mode` int(11) DEFAULT '1',
  `a` decimal(8,2) DEFAULT NULL,
  `qr` decimal(8,2) DEFAULT NULL,
  `qa` decimal(8,2) DEFAULT NULL,
  `fore_qr` decimal(8,2) DEFAULT NULL,
  `fore_qa` decimal(8,2) DEFAULT NULL,
  `comment` varchar(255) DEFAULT NULL,
  PRIMARY KEY (`id`),
  KEY `fk_relationship_9` (`coal_id`)
) ENGINE=InnoDB  DEFAULT CHARSET=utf8 AUTO_INCREMENT=7 ;

--
-- 转存表中的数据 `work_area`
--

INSERT INTO `work_area` (`id`, `coal_id`, `name`, `mode`, `a`, `qr`, `qa`, `fore_qr`, `fore_qa`, `comment`) VALUES
(5, 6, '南二采区', 1, '1000.00', '0.00', '0.00', '0.00', '0.00', ''),
(6, 6, '北一采区', 1, '0.00', '0.00', '0.00', '0.00', '0.00', '');

-- --------------------------------------------------------

--
-- 表的结构 `work_surf`
--

CREATE TABLE IF NOT EXISTS `work_surf` (
  `id` int(11) NOT NULL AUTO_INCREMENT,
  `work_area_id` int(11) DEFAULT NULL,
  `tunnel_id` int(11) DEFAULT NULL,
  `name` varchar(255) DEFAULT NULL,
  `a` decimal(8,2) DEFAULT NULL,
  `qr` decimal(8,2) DEFAULT NULL,
  `qa` decimal(8,2) DEFAULT NULL,
  `fore_qr` decimal(8,2) DEFAULT NULL,
  `fore_qa` decimal(8,2) DEFAULT NULL,
  `l1` decimal(8,2) DEFAULT NULL,
  `l2` decimal(8,2) DEFAULT NULL,
  `layerable` int(11) DEFAULT NULL,
  `k1` decimal(8,2) DEFAULT NULL,
  `k2` decimal(8,2) DEFAULT NULL,
  `k3` decimal(8,2) DEFAULT NULL,
  `kf` decimal(8,2) DEFAULT NULL,
  `method` int(11) DEFAULT NULL,
  `last_t` decimal(8,2) DEFAULT NULL,
  `qr1` decimal(8,2) DEFAULT NULL,
  `qr2` decimal(8,2) DEFAULT NULL,
  `comment` varchar(255) DEFAULT NULL,
  PRIMARY KEY (`id`),
  KEY `fk_relationship_21` (`tunnel_id`),
  KEY `fk_relationship_26` (`work_area_id`)
) ENGINE=InnoDB  DEFAULT CHARSET=utf8 AUTO_INCREMENT=4 ;

--
-- 转存表中的数据 `work_surf`
--

INSERT INTO `work_surf` (`id`, `work_area_id`, `tunnel_id`, `name`, `a`, `qr`, `qa`, `fore_qr`, `fore_qa`, `l1`, `l2`, `layerable`, `k1`, `k2`, `k3`, `kf`, `method`, `last_t`, `qr1`, `qr2`, `comment`) VALUES
(1, 5, NULL, 'S356', '334.00', '222.00', '0.00', '0.00', '0.00', '144.00', '0.00', 1, '1.00', '1.00', '1.00', '1.00', 0, '0.00', '1.00', '23.00', ''),
(2, 5, NULL, 'S789', '1000.00', '21.00', '0.00', '0.00', '0.00', '0.00', '0.00', 1, '0.00', '0.00', '0.00', '0.00', 0, '0.00', '0.00', '0.00', ''),
(3, 5, NULL, 'S891', '1000.00', '33.00', '0.00', '0.00', '0.00', '0.00', '0.00', 0, '0.00', '0.00', '0.00', '0.00', 0, '0.00', '0.00', '0.00', '');

--
-- 限制导出的表
--

--
-- 限制表 `adj_layer`
--
ALTER TABLE `adj_layer`
  ADD CONSTRAINT `fk_relationship_16` FOREIGN KEY (`work_surf_id`) REFERENCES `work_surf` (`id`) ON DELETE CASCADE,
  ADD CONSTRAINT `fk_relationship_32` FOREIGN KEY (`coal_id`) REFERENCES `coal` (`id`) ON DELETE CASCADE;

--
-- 限制表 `coal`
--
ALTER TABLE `coal`
  ADD CONSTRAINT `fk_relationship_1` FOREIGN KEY (`mine_id`) REFERENCES `mine` (`id`) ON DELETE CASCADE;

--
-- 限制表 `design_drilling_surf_technology`
--
ALTER TABLE `design_drilling_surf_technology`
  ADD CONSTRAINT `fk_relationship_31` FOREIGN KEY (`design_technology_id`) REFERENCES `design_technology` (`id`) ON DELETE CASCADE;

--
-- 限制表 `design_eval_unit`
--
ALTER TABLE `design_eval_unit`
  ADD CONSTRAINT `fk_relationship_42` FOREIGN KEY (`design_eval_unit_partition_id`) REFERENCES `design_eval_unit_partition` (`id`) ON DELETE CASCADE;

--
-- 限制表 `design_eval_unit_partition`
--
ALTER TABLE `design_eval_unit_partition`
  ADD CONSTRAINT `fk_relationship_44` FOREIGN KEY (`work_surf_id`) REFERENCES `work_surf` (`id`) ON DELETE CASCADE;

--
-- 限制表 `design_goaf_technology`
--
ALTER TABLE `design_goaf_technology`
  ADD CONSTRAINT `fk_relationship_39` FOREIGN KEY (`design_technology_id`) REFERENCES `design_technology` (`id`) ON DELETE CASCADE;

--
-- 限制表 `design_pore`
--
ALTER TABLE `design_pore`
  ADD CONSTRAINT `fk_relationship_38` FOREIGN KEY (`design_site_id`) REFERENCES `design_site` (`id`) ON DELETE CASCADE,
  ADD CONSTRAINT `fk_relationship_43` FOREIGN KEY (`design_eval_unit_id`) REFERENCES `design_eval_unit` (`id`) ON DELETE CASCADE;

--
-- 限制表 `design_site`
--
ALTER TABLE `design_site`
  ADD CONSTRAINT `fk_relationship_36` FOREIGN KEY (`design_technology_id`) REFERENCES `design_technology` (`id`) ON DELETE CASCADE;

--
-- 限制表 `design_technology`
--
ALTER TABLE `design_technology`
  ADD CONSTRAINT `fk_relationship_35` FOREIGN KEY (`coal_id`) REFERENCES `coal` (`id`) ON DELETE CASCADE;

--
-- 限制表 `design_tunnel_control_point`
--
ALTER TABLE `design_tunnel_control_point`
  ADD CONSTRAINT `fk_relationship_40` FOREIGN KEY (`design_eval_unit_partition_id`) REFERENCES `design_eval_unit_partition` (`id`) ON DELETE CASCADE;

--
-- 限制表 `design_work_surf_control_point`
--
ALTER TABLE `design_work_surf_control_point`
  ADD CONSTRAINT `fk_relationship_41` FOREIGN KEY (`design_eval_unit_partition_id`) REFERENCES `design_eval_unit_partition` (`id`) ON DELETE CASCADE;

--
-- 限制表 `design_work_surf_technology`
--
ALTER TABLE `design_work_surf_technology`
  ADD CONSTRAINT `fk_relationship_37` FOREIGN KEY (`design_technology_id`) REFERENCES `design_technology` (`id`) ON DELETE CASCADE;

--
-- 限制表 `drilling_radius_param`
--
ALTER TABLE `drilling_radius_param`
  ADD CONSTRAINT `fk_relationship_12` FOREIGN KEY (`coal_id`) REFERENCES `coal` (`id`) ON DELETE CASCADE;

--
-- 限制表 `drilling_surf`
--
ALTER TABLE `drilling_surf`
  ADD CONSTRAINT `fk_relationship_22` FOREIGN KEY (`tunnel_id`) REFERENCES `tunnel` (`id`) ON DELETE CASCADE,
  ADD CONSTRAINT `fk_relationship_27` FOREIGN KEY (`work_area_id`) REFERENCES `work_area` (`id`) ON DELETE CASCADE;

--
-- 限制表 `high_drilling_pore`
--
ALTER TABLE `high_drilling_pore`
  ADD CONSTRAINT `fk_relationship_34` FOREIGN KEY (`high_drilling_pore_param_id`) REFERENCES `high_drilling_pore_param` (`id`) ON DELETE CASCADE;

--
-- 限制表 `high_drilling_pore_param`
--
ALTER TABLE `high_drilling_pore_param`
  ADD CONSTRAINT `fk_relationship_33` FOREIGN KEY (`work_surf_id`) REFERENCES `work_surf` (`id`) ON DELETE CASCADE;

--
-- 限制表 `high_drilling_site_param`
--
ALTER TABLE `high_drilling_site_param`
  ADD CONSTRAINT `fk_relationship_11` FOREIGN KEY (`work_surf_id`) REFERENCES `work_surf` (`id`) ON DELETE CASCADE;

--
-- 限制表 `high_drilling_tunnel`
--
ALTER TABLE `high_drilling_tunnel`
  ADD CONSTRAINT `fk_relationship_5` FOREIGN KEY (`work_surf_id`) REFERENCES `work_surf` (`id`) ON DELETE CASCADE;

--
-- 限制表 `mine`
--
ALTER TABLE `mine`
  ADD CONSTRAINT `fk_relationship_19` FOREIGN KEY (`mine_region_id`) REFERENCES `mine_region` (`id`) ON DELETE CASCADE,
  ADD CONSTRAINT `fk_relationship_28` FOREIGN KEY (`account_id`) REFERENCES `account` (`id`) ON DELETE CASCADE,
  ADD CONSTRAINT `fk_relationship_30` FOREIGN KEY (`tech_mode_id`) REFERENCES `tech_mode` (`id`) ON DELETE CASCADE;

--
-- 限制表 `mine_region`
--
ALTER TABLE `mine_region`
  ADD CONSTRAINT `fk_relationship_23` FOREIGN KEY (`mine_base_id`) REFERENCES `mine_base` (`id`) ON DELETE CASCADE;

--
-- 限制表 `sys_info`
--
ALTER TABLE `sys_info`
  ADD CONSTRAINT `fk_relationship_29` FOREIGN KEY (`account_id`) REFERENCES `account` (`id`) ON DELETE CASCADE;

--
-- 限制表 `technology`
--
ALTER TABLE `technology`
  ADD CONSTRAINT `fk_relationship_24` FOREIGN KEY (`mine_region_id`) REFERENCES `mine_region` (`id`) ON DELETE CASCADE;

--
-- 限制表 `tech_mode`
--
ALTER TABLE `tech_mode`
  ADD CONSTRAINT `fk_relationship_25` FOREIGN KEY (`mine_region_id`) REFERENCES `mine_region` (`id`) ON DELETE CASCADE;

--
-- 限制表 `work_area`
--
ALTER TABLE `work_area`
  ADD CONSTRAINT `fk_relationship_9` FOREIGN KEY (`coal_id`) REFERENCES `coal` (`id`) ON DELETE CASCADE;

--
-- 限制表 `work_surf`
--
ALTER TABLE `work_surf`
  ADD CONSTRAINT `fk_relationship_21` FOREIGN KEY (`tunnel_id`) REFERENCES `tunnel` (`id`) ON DELETE CASCADE,
  ADD CONSTRAINT `fk_relationship_26` FOREIGN KEY (`work_area_id`) REFERENCES `work_area` (`id`) ON DELETE CASCADE;

/*!40101 SET CHARACTER_SET_CLIENT=@OLD_CHARACTER_SET_CLIENT */;
/*!40101 SET CHARACTER_SET_RESULTS=@OLD_CHARACTER_SET_RESULTS */;
/*!40101 SET COLLATION_CONNECTION=@OLD_COLLATION_CONNECTION */;
